Hole Name,Sample Name,topDepth,bottomDepth,sampleMethod,USCS,SPTMethod,SPT_1,SPT_2,SPT_3,SPT_4,recovery,moistureMethod,moistureContent,plasticityMethod,PL,LL,PI,passing200,pocketPenReading,torvaneReading,color,primaryComp,secondaryComp,secondaryCompMod,organicContent,visualMoisture,AASHTO,Misc,Geo_ID
B-1,,0.0,2.0,,CL,,2.0,3.0,3.0,4.0,,,,,,,,,,,,,,,,,,,
B-1,,2.0,4.0,,CL,,5.0,6.0,6.0,7.0,,,15.0,,12.0,24.0,12.0,70.0,,,,,,,,,,,
B-1,,4.0,6.0,,SP,,9.0,10.0,10.0,11.0,,,,,,,,,,,,,,,,,,,
B-1,,6.0,8.0,,SM,,12.0,13.0,13.0,14.0,,,,,,,,,,,,,,,,,,,
B-1,,8.0,10.0,,SP-SC,,10.0,11.0,11.0,12.0,,,20.0,,,,,7.0,,,,,,,,,,,
B-1,,13.0,15.0,,SP-SM,,0.0,1.0,1.0,2.0,,,,,,,,,,,,,,,,,,,
B-1,,18.0,20.0,,SM,,1.0,2.0,2.0,3.0,,,,,,,,,,,,,,,,,,,
B-1,,23.0,25.0,,SM,,1.0,2.0,2.0,3.0,,,,,,,,,,,,,,,,,,,
B-1,,28.0,30.0,,SM,,4.0,5.0,5.0,6.0,,,,,,,,,,,,,,,,,,,
B-1,,33.0,35.0,,SM,,1.0,2.0,2.0,3.0,,,,,,,,,,,,,,,,,,,
B-1,,38.0,40.0,,SM,,0.0,1.0,1.0,2.0,,,32.0,,,,,10.0,,,,,,,,,,,
B-1,,43.0,45.0,,CL,,-1.0,0.0,0.0,1.0,,,,,13.0,36.0,23.0,60.0,,,,,,,,,,,
B-1,,48.0,50.0,,SC,,-1.0,0.0,0.0,1.0,,,,,,,,,,,,,,,,,,,
B-1,,53.0,55.0,,SC,,-1.0,0.0,0.0,1.0,,,,,,,,,,,,,,,,,,,
B-1,,58.0,60.0,,SM,,1.0,2.0,2.0,3.0,,,27.0,,,,,20.0,,,,,,,,,,,
B-1,,63.0,65.0,,SM,,4.0,5.0,5.0,6.0,,,,,,,,,,,,,,,,,,,
B-1,,68.0,70.0,,SM,,19.0,20.0,20.0,21.0,,,,,,,,,,,,,,,,,,,
B-1,,73.0,75.0,,CL,,15.0,16.0,16.0,17.0,,,,,,,,,,,,,,,,,,,
B-1,,78.0,80.0,,CL,,4.0,5.0,5.0,6.0,,,,,,,,,,,,,,,,,,,
B-1,,83.0,85.0,,CL,,5.0,6.0,6.0,7.0,,,29.0,,21.0,41.0,20.0,60.0,,,,,,,,,,,
B-1,,88.0,90.0,,SM,,4.0,5.0,5.0,6.0,,,,,,,,,,,,,,,,,,,
B-1,,93.0,95.0,,SM,,3.0,4.0,4.0,5.0,,,,,,,,,,,,,,,,,,,
B-1,,98.0,100.0,,SM,,7.0,8.0,8.0,9.0,,,,,,,,,,,,,,,,,,,
B-1,,103.0,105.0,,SC-SM,,6.0,7.0,7.0,8.0,,,30.0,,,,,20.0,,,,,,,,,,,
B-1,,108.0,110.0,,SC-SM,,8.0,9.0,9.0,10.0,,,,,,,,,,,,,,,,,,,
B-1,,113.0,115.0,,SM,,8.0,9.0,9.0,10.0,,,,,,,,,,,,,,,,,,,
B-1,,118.0,120.0,,SM,,14.0,15.0,15.0,16.0,,,,,,,,,,,,,,,,,,,
B-1,,123.0,125.0,,SM,,13.0,14.0,14.0,15.0,,,,,,,,,,,,,,,,,,,
B-1,,128.0,130.0,,SP-SM,,15.0,16.0,16.0,17.0,,,,,,,,,,,,,,,,,,,
B-1,,133.0,135.0,,SP-SM,,18.0,19.0,19.0,20.0,,,,,,,,,,,,,,,,,,,
B-1,,138.0,140.0,,SP-SM,,27.0,28.0,28.0,29.0,,,,,,,,,,,,,,,,,,,
B-1,,143.0,145.0,,SP-SM,,17.0,18.0,18.0,19.0,,,,,,,,,,,,,,,,,,,
B-1,,148.0,150.0,,SP-SM,,22.0,23.0,23.0,24.0,,,,,,,,,,,,,,,,,,,
B-2,,0.0,2.0,,CL,,2.0,3.0,3.0,4.0,,,,,,,,,,,,,,,,,,,
B-2,,2.0,4.0,,SM,,7.0,8.0,8.0,9.0,,,,,,,,,,,,,,,,,,,
B-2,,4.0,6.0,,SM,,7.0,8.0,8.0,9.0,,,,,,,,,,,,,,,,,,,
B-2,,6.0,8.0,,SM,,8.0,9.0,9.0,10.0,,,,,,,,,,,,,,,,,,,
B-2,,8.0,10.0,,SM,,2.0,3.0,3.0,4.0,,,,,,,,,,,,,,,,,,,
B-2,,13.0,15.0,,SP,,9.0,10.0,10.0,11.0,,,,,,,,,,,,,,,,,,,
B-2,,18.0,20.0,,SM,,1.0,2.0,2.0,3.0,,,,,,,,,,,,,,,,,,,
B-2,,23.0,25.0,,SM,,1.0,2.0,2.0,3.0,,,,,,,,,,,,,,,,,,,
B-2,,28.0,30.0,,SM,,1.0,2.0,2.0,3.0,,,,,,,,,,,,,,,,,,,
B-2,,33.0,35.0,,SM,,0.0,1.0,1.0,2.0,,,,,,,,,,,,,,,,,,,
B-2,,38.0,40.0,,SM,,0.0,1.0,1.0,2.0,,,,,,,,,,,,,,,,,,,
B-2,,43.0,45.0,,SC,,-1.0,0.0,0.0,1.0,,,,,,,,,,,,,,,,,,,
B-2,,48.0,50.0,,SC,,-1.0,0.0,0.0,1.0,,,,,21.0,31.0,10.0,30.0,,,,,,,,,,,
B-2,,53.0,55.0,,SM,,-1.0,0.0,0.0,1.0,,,,,,,,,,,,,,,,,,,
B-2,,58.0,60.0,,SM,,1.0,2.0,2.0,3.0,,,,,,,,,,,,,,,,,,,
B-2,,63.0,65.0,,SM,,6.0,7.0,7.0,8.0,,,25.0,,,,,20.0,,,,,,,,,,,
B-2,,68.0,70.0,,SP-SM,,10.0,11.0,11.0,12.0,,,,,,,,,,,,,,,,,,,
B-2,,73.0,75.0,,CL,,4.0,5.0,5.0,6.0,,,28.0,,22.0,38.0,16.0,70.0,,,,,,,,,,,
B-2,,78.0,80.0,,CL,,4.0,5.0,5.0,6.0,,,29.0,,17.0,40.0,23.0,80.0,,,,,,,,,,,
B-2,,83.0,85.0,,SC,,6.0,7.0,7.0,8.0,,,,,,,,,,,,,,,,,,,
B-2,,88.0,90.0,,SC,,5.0,6.0,6.0,7.0,,,24.0,,11.0,22.0,11.0,30.0,,,,,,,,,,,
B-2,,93.0,95.0,,SC,,5.0,6.0,6.0,7.0,,,,,,,,,,,,,,,,,,,
B-2,,98.0,100.0,,SC,,8.0,9.0,9.0,10.0,,,,,,,,,,,,,,,,,,,
B-2,,103.0,105.0,,SC,,9.0,10.0,10.0,11.0,,,,,,,,,,,,,,,,,,,
B-2,,108.0,110.0,,SC,,10.0,11.0,11.0,12.0,,,,,,,,,,,,,,,,,,,
B-2,,113.0,115.0,,SM,,9.0,10.0,10.0,11.0,,,,,,,,,,,,,,,,,,,
B-2,,118.0,120.0,,SM,,17.0,18.0,18.0,19.0,,,,,,,,,,,,,,,,,,,
B-2,,123.0,125.0,,SM,,23.0,24.0,24.0,25.0,,,21.0,,,,,30.0,,,,,,,,,,,
B-2,,128.0,130.0,,SP-SM,,22.0,23.0,23.0,24.0,,,,,,,,,,,,,,,,,,,
B-2,,133.0,135.0,,SP-SM,,15.0,16.0,16.0,17.0,,,,,,,,,,,,,,,,,,,
B-2,,138.0,140.0,,SP-SM,,28.0,29.0,29.0,30.0,,,,,,,,,,,,,,,,,,,
B-2,,143.0,145.0,,SP-SM,,12.0,13.0,13.0,14.0,,,,,,,,,,,,,,,,,,,
B-2,,148.0,150.0,,SM,,19.0,20.0,20.0,21.0,,,,,,,,,,,,,,,,,,,
B-3,,0.0,2.0,,CL,,3.0,4.0,4.0,5.0,,,,,,,,,,,,,,,,,,,
B-3,,2.0,4.0,,CL,,5.0,6.0,6.0,7.0,,,,,,,,,,,,,,,,,,,
B-3,,4.0,6.0,,SM,,6.0,7.0,7.0,8.0,,,,,,,,,,,,,,,,,,,
B-3,,6.0,8.0,,SC,,5.0,6.0,6.0,7.0,,,,,,,,,,,,,,,,,,,
B-3,,8.0,10.0,,SM,,0.0,1.0,1.0,2.0,,,,,,,,,,,,,,,,,,,
B-3,,13.0,15.0,,SP,,11.0,12.0,12.0,13.0,,,,,,,,,,,,,,,,,,,
B-3,,18.0,20.0,,SM,,0.0,1.0,1.0,2.0,,,,,,,,,,,,,,,,,,,
B-3,,23.0,25.0,,SM,,0.0,1.0,1.0,2.0,,,31.0,,,,,20.0,,,,,,,,,,,
B-3,,28.0,30.0,,SM,,0.0,1.0,1.0,2.0,,,,,,,,,,,,,,,,,,,
B-3,,33.0,35.0,,SM,,0.0,1.0,1.0,2.0,,,,,,,,,,,,,,,,,,,
B-3,,38.0,40.0,,SM,,-1.0,0.0,0.0,1.0,,,,,,,,,,,,,,,,,,,
B-3,,43.0,45.0,,CL,,-1.0,0.0,0.0,1.0,,,,,,,,,,,,,,,,,,,
B-3,,48.0,50.0,,CL,,0.0,1.0,1.0,2.0,,,31.0,,17.0,31.0,14.0,50.0,,,,,,,,,,,
B-3,,53.0,55.0,,CL,,-1.0,0.0,0.0,1.0,,,,,,,,,,,,,,,,,,,
B-3,,58.0,60.0,,SM,,3.0,4.0,4.0,5.0,,,,,,,,,,,,,,,,,,,
B-3,,63.0,65.0,,SM,,7.0,8.0,8.0,9.0,,,26.0,,,,,30.0,,,,,,,,,,,
B-3,,68.0,70.0,,CL,,9.0,10.0,10.0,11.0,,,,,,,,,,,,,,,,,,,
B-3,,73.0,75.0,,CL,,3.0,4.0,4.0,5.0,,,,,,,,,,,,,,,,,,,
B-3,,78.0,80.0,,CL,,4.0,5.0,5.0,6.0,,,30.0,,20.0,37.0,17.0,80.0,,,,,,,,,,,
B-3,,83.0,85.0,,SC,,5.0,6.0,6.0,7.0,,,,,,,,,,,,,,,,,,,
B-3,,88.0,90.0,,SM,,6.0,7.0,7.0,8.0,,,,,,,,,,,,,,,,,,,
B-3,,93.0,95.0,,SM,,4.0,5.0,5.0,6.0,,,,,,,,,,,,,,,,,,,
B-3,,98.0,100.0,,SM,,8.0,9.0,9.0,10.0,,,,,,,,,,,,,,,,,,,
B-3,,103.0,105.0,,SM,,11.0,12.0,12.0,13.0,,,28.0,,,,,20.0,,,,,,,,,,,
B-3,,108.0,110.0,,SM,,9.0,10.0,10.0,11.0,,,,,,,,,,,,,,,,,,,
B-3,,113.0,115.0,,CL,,9.0,10.0,10.0,11.0,,,,,,,,,,,,,,,,,,,
B-3,,118.0,120.0,,SP-SM,,20.0,21.0,21.0,22.0,,,,,,,,,,,,,,,,,,,
B-3,,123.0,125.0,,SP-SM,,17.0,18.0,18.0,19.0,,,20.0,,,,,20.0,,,,,,,,,,,
B-3,,128.0,130.0,,SP-SM,,17.0,18.0,18.0,19.0,,,,,,,,,,,,,,,,,,,
B-3,,133.0,135.0,,SP-SM,,21.0,22.0,22.0,23.0,,,,,,,,,,,,,,,,,,,
B-3,,138.0,140.0,,SP-SM,,20.0,21.0,21.0,22.0,,,,,,,,,,,,,,,,,,,
B-3,,143.0,145.0,,SP-SM,,21.0,22.0,22.0,23.0,,,,,,,,,,,,,,,,,,,
B-3,,148.0,150.0,,SC,,24.0,25.0,25.0,26.0,,,,,,,,,,,,,,,,,,,
B-4,,0.0,2.0,,CL,,3.0,4.0,4.0,5.0,,,,,,,,,,,,,,,,,,,
B-4,,2.0,4.0,,CL,,2.0,3.0,3.0,4.0,,,,,,,,,,,,,,,,,,,
B-4,,4.0,6.0,,CL,,1.0,2.0,2.0,3.0,,,,,,,,,,,,,,,,,,,
B-4,,6.0,8.0,,CL,,1.0,2.0,2.0,3.0,,,20.0,,15.0,24.0,9.0,58.0,,,,,,,,,,,
B-4,,8.0,10.0,,CL,,1.0,2.0,2.0,3.0,,,,,,,,,,,,,,,,,,,
B-4,,10.0,12.0,,SP-SM,,15.0,16.0,16.0,17.0,,,12.0,,,,,5.1,,,,,,,,,,,
B-4,,13.0,15.0,,SW-SM,,25.0,26.0,26.0,27.0,,,11.0,,,,,7.6,,,,,,,,,,,
B-4,,18.0,20.0,,SP-SM,,1.0,2.0,2.0,3.0,,,22.0,,,,,12.0,,,,,,,,,,,
B-4,,23.0,25.0,,SC,,1.0,2.0,2.0,3.0,,,,,,,,,,,,,,,,,,,
B-4,,20.0,22.0,,SC,,-1.0,0.0,0.0,1.0,,,,,15.0,35.0,20.0,22.9,,,,,,,,,,,
B-4,,28.0,30.0,,SC,,0.0,1.0,1.0,2.0,,,29.0,,20.0,30.0,10.0,39.0,,,,,,,,,,,
B-4,,33.0,35.0,,SC,,1.0,2.0,2.0,3.0,,,,,,,,,,,,,,,,,,,
B-4,,30.0,32.0,,SC,,-1.0,0.0,0.0,1.0,,,,,21.0,34.0,13.0,,,,,,,,,,,,
B-4,,38.0,40.0,,SC,,0.0,1.0,1.0,2.0,,,,,15.0,28.0,13.0,26.0,,,,,,,,,,,
B-4,,43.0,45.0,,CL,,-1.0,0.0,0.0,1.0,,,32.0,,18.0,30.0,12.0,50.0,,,,,,,,,,,
B-4,,48.0,50.0,,CL,,-1.0,0.0,0.0,1.0,,,,,,,,,,,,,,,,,,,
B-4,,45.0,47.0,,CL,,-1.0,0.0,0.0,1.0,,,,,23.0,35.0,12.0,,,,,,,,,,,,
B-4,,53.0,55.0,,CL,,0.0,1.0,1.0,2.0,,,27.0,,15.0,37.0,22.0,62.0,,,,,,,,,,,
B-4,,50.0,52.0,,CL,,-1.0,0.0,0.0,1.0,,,,,20.0,29.0,9.0,69.9,,,,,,,,,,,
B-4,,58.0,60.0,,SC,,1.0,2.0,2.0,3.0,,,,,,,,,,,,,,,,,,,
B-4,,63.0,65.0,,SC,,2.0,3.0,3.0,4.0,,,30.0,,14.0,27.0,13.0,28.0,,,,,,,,,,,
B-4,,68.0,70.0,,SP-SM,,7.0,8.0,8.0,9.0,,,20.0,,,,,7.0,,,,,,,,,,,
B-4,,60.0,62.0,,SM,,-1.0,0.0,0.0,1.0,,,,,,,,19.9,,,,,,,,,,,
B-4,,73.0,75.0,,CL,,7.0,8.0,8.0,9.0,,,30.0,,23.0,42.0,19.0,80.0,,,,,,,,,,,
B-4,,78.0,80.0,,CL,,5.0,6.0,6.0,7.0,,,,,,,,,,,,,,,,,,,
B-4,,83.0,85.0,,CL,,4.0,5.0,5.0,6.0,,,28.0,,20.0,42.0,22.0,74.0,,,,,,,,,,,
B-4,,75.0,77.0,,CL,,-1.0,0.0,0.0,1.0,,,,,22.0,40.0,18.0,78.5,,,,,,,,,,,
B-4,,88.0,90.0,,SC,,4.0,5.0,5.0,6.0,,,,,,,,,,,,,,,,,,,
B-4,,93.0,95.0,,SC,,4.0,5.0,5.0,6.0,,,,,,,,,,,,,,,,,,,
B-4,,98.0,100.0,,SC-SM,,6.0,7.0,7.0,8.0,,,27.0,,18.0,25.0,7.0,27.0,,,,,,,,,,,
B-4,,103.0,105.0,,SC,,5.0,6.0,6.0,7.0,,,,,,,,,,,,,,,,,,,
B-4,,108.0,110.0,,SC,,8.0,9.0,9.0,10.0,,,30.0,,18.0,25.0,7.0,27.0,,,,,,,,,,,
B-4,,113.0,115.0,,SM,,6.0,7.0,7.0,8.0,,,,,,,,,,,,,,,,,,,
B-4,,118.0,120.0,,SM,,11.0,12.0,12.0,13.0,,,,,,,,,,,,,,,,,,,
B-4,,123.0,125.0,,SP-SM,,11.0,12.0,12.0,13.0,,,,,,,,,,,,,,,,,,,
B-4,,128.0,130.0,,SP-SM,,12.0,13.0,13.0,14.0,,,,,,,,,,,,,,,,,,,
B-4,,133.0,135.0,,SP-SM,,12.0,13.0,13.0,14.0,,,,,,,,,,,,,,,,,,,
B-4,,138.0,140.0,,SM,,21.0,22.0,22.0,23.0,,,21.0,,,,,13.0,,,,,,,,,,,
B-4,,143.0,145.0,,SP-SM,,22.0,23.0,23.0,24.0,,,,,,,,,,,,,,,,,,,
B-4,,148.0,150.0,,SP-SM,,17.0,18.0,18.0,19.0,,,,,,,,,,,,,,,,,,,
LW-1,,6.0,8.0,,CL,,-1.0,0.0,0.0,1.0,,,66.0,,17.0,46.0,29.0,81.0,,,,,,,,,,,
LW-1,,8.0,10.0,,SP-SM,,0.0,1.0,1.0,2.0,,,,,,,,,,,,,,,,,,,
LW-1,,10.0,12.0,,SC-SM,,1.0,2.0,2.0,3.0,,,,,,,,,,,,,,,,,,,
LW-1,,12.0,14.0,,SC-SM,,0.0,1.0,1.0,2.0,,,27.0,,15.0,23.0,8.0,34.0,,,,,,,,,,,
LW-1,,14.0,16.0,,SC,,0.0,1.0,1.0,2.0,,,,,,,,,,,,,,,,,,,
LW-1,,16.0,18.0,,SC,,1.0,2.0,2.0,3.0,,,,,,,,,,,,,,,,,,,
LW-1,,18.0,20.0,,SC,,1.0,2.0,2.0,3.0,,,,,,,,,,,,,,,,,,,
LW-1,,23.0,25.0,,SC,,0.0,1.0,1.0,2.0,,,,,,,,,,,,,,,,,,,
LW-1,,28.0,30.0,,SC,,0.0,1.0,1.0,2.0,,,,,,,,,,,,,,,,,,,
LW-1,,33.0,35.0,,CL,,-1.0,0.0,0.0,1.0,,,35.0,,23.0,35.0,12.0,84.0,,,,,,,,,,,
LW-1,,38.0,40.0,,CL,,0.0,1.0,1.0,2.0,,,,,,,,,,,,,,,,,,,
LW-1,,43.0,45.0,,CL,,-1.0,0.0,0.0,1.0,,,,,,,,,,,,,,,,,,,
LW-1,,48.0,50.0,,SP-SM,,1.0,2.0,2.0,3.0,,,,,,,,,,,,,,,,,,,
LW-1,,53.0,55.0,,SM,,2.0,3.0,3.0,4.0,,,,,,,,,,,,,,,,,,,
LW-1,,58.0,60.0,,SM,,14.0,15.0,15.0,16.0,,,22.0,,,,,16.0,,,,,,,,,,,
LW-1,,63.0,65.0,,SP,,9.0,10.0,10.0,11.0,,,,,,,,,,,,,,,,,,,
LW-1,,68.0,70.0,,CL,,3.0,4.0,4.0,5.0,,,30.0,,22.0,42.0,20.0,83.0,,,,,,,,,,,
LW-1,,73.0,75.0,,CL,,3.0,4.0,4.0,5.0,,,,,,,,,,,,,,,,,,,
LW-1,,78.0,80.0,,SC,,7.0,8.0,8.0,9.0,,,,,,,,,,,,,,,,,,,
LW-1,,83.0,85.0,,SC,,7.0,8.0,8.0,9.0,,,,,,,,,,,,,,,,,,,
LW-1,,88.0,90.0,,SC,,7.0,8.0,8.0,9.0,,,31.0,,15.0,25.0,10.0,35.0,,,,,,,,,,,
LW-1,,93.0,95.0,,SC,,11.0,12.0,12.0,13.0,,,,,,,,,,,,,,,,,,,
LW-1,,98.0,100.0,,SC,,8.0,9.0,9.0,10.0,,,,,,,,,,,,,,,,,,,
LW-1,,103.0,105.0,,SC,,7.0,8.0,8.0,9.0,,,,,,,,,,,,,,,,,,,
LW-1,,108.0,110.0,,SP-SM,,14.0,15.0,15.0,16.0,,,,,,,,,,,,,,,,,,,
LW-1,,113.0,115.0,,SP-SM,,10.0,11.0,11.0,12.0,,,,,,,,,,,,,,,,,,,
LW-1,,118.0,120.0,,SP-SM,,8.0,9.0,9.0,10.0,,,,,,,,,,,,,,,,,,,
LW-1,,123.0,125.0,,SP-SM,,15.0,16.0,16.0,17.0,,,,,,,,,,,,,,,,,,,
LW-1,,128.0,130.0,,SP-SM,,14.0,15.0,15.0,16.0,,,,,,,,,,,,,,,,,,,
LW-1,,133.0,135.0,,SP-SM,,9.0,10.0,10.0,11.0,,,,,,,,,,,,,,,,,,,
LW-1,,138.0,140.0,,SP-SM,,16.0,17.0,17.0,18.0,,,,,,,,,,,,,,,,,,,
LW-1,,143.0,145.0,,SP-SM,,19.0,20.0,20.0,21.0,,,,,,,,,,,,,,,,,,,
LW-1,,148.0,150.0,,SP-SM,,14.0,15.0,15.0,16.0,,,,,,,,,,,,,,,,,,,
LW-1,,153.0,155.0,,SP-SM,,14.0,15.0,15.0,16.0,,,,,,,,,,,,,,,,,,,
DD-A,,0.0,2.0,,CL,,5.0,6.0,6.0,7.0,,,12.0,,11.0,25.0,14.0,75.0,,,,,,,,,,,
DD-A,,2.0,4.0,,CL,,5.0,6.0,6.0,7.0,,,,,,,,,,,,,,,,,,,
DD-A,,4.0,6.0,,CH,,7.0,8.0,8.0,9.0,,,,,,,,,,,,,,,,,,,
DD-A,,6.0,8.0,,SC,,5.0,6.0,6.0,7.0,,,,,,,,,,,,,,,,,,,
DD-A,,8.0,10.0,,CL,,0.0,1.0,1.0,2.0,,,,,,,,,,,,,,,,,,,
DD-A,,10.0,12.0,,SP-SM,,4.0,5.0,5.0,6.0,,,,,,,,,,,,,,,,,,,
DD-A,,12.0,14.0,,SP-SM,,3.0,4.0,4.0,5.0,,,,,,,,,,,,,,,,,,,
DD-A,,14.0,16.0,,SP-SM,,10.0,11.0,11.0,12.0,,,,,,,,,,,,,,,,,,,
DD-A,,16.0,18.0,,SP-SM,,2.0,3.0,3.0,4.0,,,,,,,,,,,,,,,,,,,
DD-A,,18.0,20.0,,SM,,0.0,1.0,1.0,2.0,,,,,,,,,,,,,,,,,,,
DD-A,,20.0,22.0,,SM,,2.0,3.0,3.0,4.0,,,,,,,,,,,,,,,,,,,
DD-A,,22.0,24.0,,SP,,6.0,7.0,7.0,8.0,,,,,,,,,,,,,,,,,,,
DD-A,,24.0,26.0,,SP,,5.0,6.0,6.0,7.0,,,,,,,,,,,,,,,,,,,
DD-A,,26.0,28.0,,SP,,8.0,9.0,9.0,10.0,,,,,,,,,,,,,,,,,,,
DD-A,,28.0,30.0,,SP,,6.0,7.0,7.0,8.0,,,,,,,,,,,,,,,,,,,
DD-B,,4.0,6.0,,CL,,2.0,3.0,3.0,4.0,,,,,,,,,,,,,,,,,,,
DD-B,,6.0,8.0,,CL,,2.0,3.0,3.0,4.0,,,,,,,,,,,,,,,,,,,
DD-B,,8.0,10.0,,SC,,4.0,5.0,5.0,6.0,,,,,,,,,,,,,,,,,,,
DD-B,,10.0,12.0,,SP-SM,,7.0,8.0,8.0,9.0,,,,,,,,,,,,,,,,,,,
DD-B,,13.0,15.0,,SC,,0.0,1.0,1.0,2.0,,,,,,,,,,,,,,,,,,,
DD-B,,18.0,20.0,,SP-SM,,10.0,11.0,11.0,12.0,,,,,,,,,,,,,,,,,,,
DD-B,,23.0,25.0,,SP,,5.0,6.0,6.0,7.0,,,,,,,,,,,,,,,,,,,
DD-B,,28.0,30.0,,SP-SM,,6.0,7.0,7.0,8.0,,,,,,,,,,,,,,,,,,,
DD-B,,33.0,35.0,,SM,,0.0,1.0,1.0,2.0,,,,,,,,,,,,,,,,,,,
DD-D,,0.0,2.0,,SM,,1.0,2.0,2.0,3.0,,,15.0,,15.0,25.0,10.0,26.0,,,,,,,,,,,
DD-D,,2.0,4.0,,SC,,1.0,2.0,2.0,3.0,,,15.0,,15.0,25.0,10.0,26.0,,,,,,,,,,,
DD-D,,4.0,6.0,,SM,,2.0,3.0,3.0,4.0,,,,,,,,,,,,,,,,,,,
DD-D,,6.0,8.0,,SC,,3.0,4.0,4.0,5.0,,,,,,,,,,,,,,,,,,,
DD-D,,8.0,10.0,,CH,,2.0,3.0,3.0,4.0,,,,,,,,,,,,,,,,,,,
DD-D,,10.0,12.0,,CL,,0.0,1.0,1.0,2.0,,,,,,,,,,,,,,,,,,,
DD-D,,13.0,15.0,,CH,,0.0,1.0,1.0,2.0,,,,,,,,,,,,,,,,,,,
DD-D,,18.0,20.0,,CL,,0.0,1.0,1.0,2.0,,,,,,,,,,,,,,,,,,,
DD-D,,23.0,25.0,,SC,,1.0,2.0,2.0,3.0,,,,,,,,,,,,,,,,,,,
DD-D,,28.0,30.0,,SM,,0.0,1.0,1.0,2.0,,,,,,,,,,,,,,,,,,,
DD-E,,0.0,2.0,,SM,,2.0,3.0,3.0,4.0,,,,,,,,,,,,,,,,,,,
DD-E,,2.0,4.0,,CL,,2.0,3.0,3.0,4.0,,,,,,,,,,,,,,,,,,,
DD-E,,4.0,6.0,,CH,,4.0,5.0,5.0,6.0,,,,,,,,,,,,,,,,,,,
DD-E,,6.0,8.0,,CL,,4.0,5.0,5.0,6.0,,,,,,,,,,,,,,,,,,,
DD-E,,8.0,10.0,,SC,,1.0,2.0,2.0,3.0,,,,,,,,,,,,,,,,,,,
DD-E,,10.0,12.0,,CL,,0.0,1.0,1.0,2.0,,,,,,,,,,,,,,,,,,,
DD-E,,13.0,15.0,,CH,,0.0,1.0,1.0,2.0,,,,,,,,,,,,,,,,,,,
DD-E,,18.0,20.0,,SP,,1.0,2.0,2.0,3.0,,,,,,,,,,,,,,,,,,,
DD-E,,23.0,25.0,,SM,,1.0,2.0,2.0,3.0,,,,,,,,,,,,,,,,,,,
DD-E,,28.0,30.0,,SC,,-1.0,0.0,0.0,1.0,,,,,,,,,,,,,,,,,,,
PS-01,,0.0,2.0,,CL,,2.0,3.0,3.0,4.0,,,,,,,,,,,,,,,,,,,
PS-01,,2.0,4.0,,CL,,2.0,3.0,3.0,4.0,,,,,,,,,,,,,,,,,,,
PS-01,,4.0,6.0,,CL,,4.0,5.0,5.0,6.0,,,,,,,,,,,,,,,,,,,
PS-01,,6.0,8.0,,SM,,8.0,9.0,9.0,10.0,,,,,,,,,,,,,,,,,,,
PS-01,,8.0,10.0,,SP-SM,,0.0,1.0,1.0,2.0,,,,,,,,,,,,,,,,,,,
PS-01,,10.0,12.0,,CL,,0.0,1.0,1.0,2.0,,,,,,,,,,,,,,,,,,,
PS-01,,13.0,15.0,,SM,,0.0,1.0,1.0,2.0,,,,,,,,,,,,,,,,,,,
PS-01,,18.0,20.0,,CL,,0.0,1.0,1.0,2.0,,,,,,,,,,,,,,,,,,,
PS-02,,23.0,25.0,,CL,,1.0,2.0,2.0,3.0,,,,,,,,,,,,,,,,,,,
PS-02,,28.0,30.0,,CL,,1.0,2.0,2.0,3.0,,,,,,,,,,,,,,,,,,,
PS-02,,2.3,4.3,,SC,,1.0,2.0,2.0,3.0,,,,,,,,,,,,,,,,,,,
PS-02,,4.3,6.3,,CL,,0.0,1.0,1.0,2.0,,,,,,,,,,,,,,,,,,,
PS-02,,5.3,7.3,,SM,,8.0,9.0,9.0,10.0,,,,,,,,,,,,,,,,,,,
PS-02,,8.3,10.3,,SP-SM,,0.0,1.0,1.0,2.0,,,,,,,,,,,,,,,,,,,
PS-02,,12.8,14.8,,SM,,0.0,1.0,1.0,2.0,,,,,,,,,,,,,,,,,,,
PS-03,,0.0,2.0,,SM,,3.0,4.0,4.0,5.0,,,,,,,,,,,,,,,,,,,
PS-03,,2.0,4.0,,CL,,6.0,7.0,7.0,8.0,,,23.0,,9.0,29.0,20.0,71.0,,,,,,,,,,,
PS-03,,4.0,6.0,,SM,,5.0,6.0,6.0,7.0,,,20.0,,0.0,0.0,0.0,15.0,,,,,,,,,,,
PS-03,,6.0,8.0,,SP-SM,,5.0,6.0,6.0,7.0,,,19.0,,0.0,0.0,0.0,11.0,,,,,,,,,,,
PS-03,,8.0,10.0,,SM,,5.0,6.0,6.0,7.0,,,18.0,,0.0,0.0,0.0,15.0,,,,,,,,,,,
PS-03,,10.0,12.0,,SP-SM,,0.0,1.0,1.0,2.0,,,22.0,,0.0,0.0,0.0,5.0,,,,,,,,,,,
PS-03,,13.0,15.0,,SM,,0.0,1.0,1.0,2.0,,,25.0,,,,,16.0,,,,,,,,,,,
PS-03,,18.0,20.0,,SM,,4.0,5.0,5.0,6.0,,,,,,,,,,,,,,,,,,,
PS-03,,23.0,25.0,,CL,,0.0,1.0,1.0,2.0,,,39.0,,15.0,61.0,46.0,89.0,,,,,,,,,,,
PS-03,,28.0,30.0,,CL,,1.0,2.0,2.0,3.0,,,33.0,,19.0,39.0,20.0,80.0,,,,,,,,,,,
PS-03,,33.0,35.0,,SM,,13.0,14.0,14.0,15.0,,,,,,,,,,,,,,,,,,,
PS-03,,38.0,40.0,,SC,,3.0,4.0,4.0,5.0,,,27.0,,11.0,22.0,11.0,23.0,,,,,,,,,,,
PS-03,,43.0,45.0,,CH,,3.0,4.0,4.0,5.0,,,,,,,,,,,,,,,,,,,
PS-03,,48.0,50.0,,SC,,6.0,7.0,7.0,8.0,,,,,,,,,,,,,,,,,,,
PS-03,,53.0,55.0,,SM,,6.0,7.0,7.0,8.0,,,,,,,,,,,,,,,,,,,
PS-04,,0.0,2.0,,SM,,6.0,7.0,7.0,8.0,,,,,,,,,,,,,,,,,,,
PS-04,,2.0,4.0,,SM,,2.0,3.0,3.0,4.0,,,,,,,,,,,,,,,,,,,
PS-04,,4.0,6.0,,CL,,2.0,3.0,3.0,4.0,,,18.0,,11.0,21.0,10.0,65.0,,,,,,,,,,,
PS-04,,6.0,8.0,,SM,,3.0,4.0,4.0,5.0,,,,,,,,,,,,,,,,,,,
PS-04,,8.0,10.0,,SP-SM,,0.0,1.0,1.0,2.0,,,18.0,,0.0,0.0,0.0,6.0,,,,,,,,,,,
PS-04,,10.0,12.0,,CL,,0.0,1.0,1.0,2.0,,,40.0,,15.0,31.0,16.0,78.0,,,,,,,,,,,
PS-04,,13.0,15.0,,SM,,1.0,2.0,2.0,3.0,,,27.0,,0.0,0.0,0.0,14.0,,,,,,,,,,,
PS-05,,0.0,2.0,,SM,,1.0,2.0,2.0,3.0,,,,,,,,,,,,,,,,,,,
PS-05,,2.0,4.0,,SM,,1.0,2.0,2.0,3.0,,,,,,,,,,,,,,,,,,,
PS-05,,4.0,6.0,,SP,,9.0,10.0,10.0,11.0,,,,,,,,,,,,,,,,,,,
PS-05,,6.0,8.0,,SC,,0.0,1.0,1.0,2.0,,,32.0,,11.0,22.0,11.0,47.0,,,,,,,,,,,
PS-05,,8.0,10.0,,SP-SM,,0.0,1.0,1.0,2.0,,,20.0,,0.0,0.0,0.0,14.0,,,,,,,,,,,
PS-05,,10.0,12.0,,CL,,0.0,1.0,1.0,2.0,,,48.0,,21.0,48.0,27.0,87.0,,,,,,,,,,,
PS-05,,13.0,15.0,,SM,,0.0,1.0,1.0,2.0,,,,,,,,,,,,,,,,,,,
PS-05,,18.0,20.0,,CL,,0.0,1.0,1.0,2.0,,,40.0,,18.0,31.0,13.0,87.0,,,,,,,,,,,
PS-05,,23.0,25.0,,SM,,2.0,3.0,3.0,4.0,,,,,,,,,,,,,,,,,,,
PS-06,,0.0,2.0,,SM,,1.0,2.0,2.0,3.0,,,,,,,,,,,,,,,,,,,
PS-06,,2.0,4.0,,CL,,3.0,4.0,4.0,5.0,,,,,,,,,,,,,,,,,,,
PS-06,,4.0,6.0,,CL,,3.0,4.0,4.0,5.0,,,,,,,,,,,,,,,,,,,
PS-06,,6.0,8.0,,CL,,2.0,3.0,3.0,4.0,,,,,,,,,,,,,,,,,,,
PS-06,,8.0,10.0,,CL,,1.0,2.0,2.0,3.0,,,,,,,,,,,,,,,,,,,
PS-06,,10.0,12.0,,CL,,0.0,1.0,1.0,2.0,,,,,,,,,,,,,,,,,,,
PS-06,,13.0,15.0,,CL,,0.0,1.0,1.0,2.0,,,,,,,,,,,,,,,,,,,
PS-06,,18.0,20.0,,SC,,1.0,2.0,2.0,3.0,,,,,,,,,,,,,,,,,,,
PS-06,,23.0,25.0,,SM,,3.0,4.0,4.0,5.0,,,,,,,,,,,,,,,,,,,
PS-06,,28.0,30.0,,SC,,0.0,1.0,1.0,2.0,,,,,,,,,,,,,,,,,,,
PS-06,,33.0,35.0,,SC,,1.0,2.0,2.0,3.0,,,,,,,,,,,,,,,,,,,
PS-06,,38.0,40.0,,SC,,0.0,1.0,1.0,2.0,,,,,,,,,,,,,,,,,,,
PS-06,,43.0,45.0,,CL,,0.0,1.0,1.0,2.0,,,,,,,,,,,,,,,,,,,
PS-06,,48.0,50.0,,CL,,0.0,1.0,1.0,2.0,,,,,,,,,,,,,,,,,,,
PS-06,,53.0,55.0,,CL,,0.0,1.0,1.0,2.0,,,,,,,,,,,,,,,,,,,
PS-06,,58.0,60.0,,CL,,0.0,1.0,1.0,2.0,,,,,,,,,,,,,,,,,,,
PS-06,,63.0,65.0,,CL,,0.0,1.0,1.0,2.0,,,,,,,,,,,,,,,,,,,
PS-06,,68.0,70.0,,CL,,0.0,1.0,1.0,2.0,,,,,,,,,,,,,,,,,,,
PS-06,,73.0,75.0,,CL,,0.0,1.0,1.0,2.0,,,,,,,,,,,,,,,,,,,
PS-06,,78.0,80.0,,CH,,-1.0,0.0,0.0,1.0,,,,,,,,,,,,,,,,,,,
PS-06,,83.0,85.0,,CH,,0.0,1.0,1.0,2.0,,,,,,,,,,,,,,,,,,,
PS-06,,88.0,90.0,,CH,,0.0,1.0,1.0,2.0,,,,,,,,,,,,,,,,,,,
PS-06,,93.0,95.0,,CH,,2.0,3.0,3.0,4.0,,,,,,,,,,,,,,,,,,,
PS-06,,98.0,100.0,,SP-SM,,7.0,8.0,8.0,9.0,,,,,,,,,,,,,,,,,,,
PS-06,,103.0,105.0,,CL,,1.0,2.0,2.0,3.0,,,,,,,,,,,,,,,,,,,
PS-06,,108.0,110.0,,SM,,9.0,10.0,10.0,11.0,,,,,,,,,,,,,,,,,,,
PS-06,,113.0,115.0,,CL,,3.0,4.0,4.0,5.0,,,,,,,,,,,,,,,,,,,
PS-06,,118.0,120.0,,SP-SM,,9.0,10.0,10.0,11.0,,,,,,,,,,,,,,,,,,,
PS-06,,123.0,125.0,,SP-SM,,10.0,11.0,11.0,12.0,,,,,,,,,,,,,,,,,,,
PS-06,,128.0,130.0,,SC,,14.0,15.0,15.0,16.0,,,,,,,,,,,,,,,,,,,
BAY-401,,0.0,2.0,,SM,,2.0,3.0,3.0,4.0,,,12.0,,,,,,,,,,,,,,,,
BAY-401,,2.0,4.0,,SM,,4.0,5.0,5.0,6.0,,,17.0,,,,,,,,,,,,,,,,
BAY-401,,4.0,6.0,,SM,,2.0,3.0,3.0,4.0,,,17.5,,,,,,,,,,,,,,,,
BAY-401,,6.0,8.0,,CL,,0.0,1.0,1.0,2.0,,,37.4,,,,,,,,,,,,,,,,
BAY-401,,8.0,10.0,,CL,,0.0,1.0,1.0,2.0,,,43.5,,17.0,40.0,23.0,75.6,,,,,,,,,,,
BAY-401,,10.0,12.0,,CL,,0.0,1.0,1.0,2.0,,,41.3,,,,,,,,,,,,,,,,
BAY-401,,13.0,15.0,,CH,,-1.0,0.0,0.0,1.0,,,51.0,,,,,,,,,,,,,,,,
BAY-401,,18.0,20.0,,SM,,2.0,3.0,3.0,4.0,,,28.5,,,,,,,,,,,,,,,,
BAY-401,,23.0,25.0,,SP-SM,,6.0,7.0,7.0,8.0,,,20.2,,,,,,,,,,,,,,,,
BAY-401,,28.0,30.0,,SP-SM,,5.0,6.0,6.0,7.0,,,25.9,,,,,,,,,,,,,,,,
BAY-401,,33.0,35.0,,SC,,1.0,2.0,2.0,3.0,,,30.0,,,,,,,,,,,,,,,,
BAY-401,,38.0,40.0,,ML,,0.0,1.0,1.0,2.0,,,33.3,,,,,54.0,,,,,,,,,,,
BAY-401,,43.0,45.0,,SC,,0.0,1.0,1.0,2.0,,,33.0,,,,,,,,,,,,,,,,
BAY-401,,48.0,50.0,,SC,,-1.0,0.0,0.0,1.0,,,38.4,,,,,,,,,,,,,,,,
BAY-401,,53.0,55.0,,CH,,0.0,1.0,1.0,2.0,,,39.5,,,,,91.4,,,,,,,,,,,
BAY-401,,58.0,60.0,,CH,,0.0,1.0,1.0,2.0,,,39.5,,,,,,,,,,,,,,,,
BAY-401,,60.0,62.0,,CH,,,,,,,,39.7,,,,,,,,,,,,,,,,
BAY-401,,62.0,64.0,,SC,,-1.0,0.0,0.0,1.0,,,42.2,,,,,,,,,,,,,,,,
BAY-401,,68.0,70.0,,SC,,0.0,1.0,1.0,2.0,,,30.9,,,,,,,,,,,,,,,,
BAY-401,,73.0,75.0,,SC,,0.0,1.0,1.0,2.0,,,,,,,,,,,,,,,,,,,
BAY-401,,78.0,80.0,,CH,,-1.0,0.0,0.0,1.0,,,43.7,,,,,,,,,,,,,,,,
BAY-401,,83.0,85.0,,CH,,-1.0,0.0,0.0,1.0,,,45.7,,,,,,,,,,,,,,,,
BAY-401,,88.0,90.0,,SM,,2.0,3.0,3.0,4.0,,,33.0,,,,,,,,,,,,,,,,
BAY-401,,93.0,95.0,,SP-SM,,3.0,4.0,4.0,5.0,,,57.2,,,,,,,,,,,,,,,,
BAY-401,,98.0,100.0,,CH,,0.0,1.0,1.0,2.0,,,52.9,,,,,,,,,,,,,,,,
BAY-401,,103.0,105.0,,SM,,3.0,4.0,4.0,5.0,,,33.9,,,,,,,,,,,,,,,,
BAY-401,,108.0,110.0,,SM,,7.0,8.0,8.0,9.0,,,25.6,,,,,,,,,,,,,,,,
BAY-402,,0.0,2.0,,SC,,4.0,5.0,5.0,6.0,,,8.2,,,,,,,,,,,,,,,,
BAY-402,,2.0,4.0,,SC,,6.0,7.0,7.0,8.0,,,14.0,,,,,,,,,,,,,,,,
BAY-402,,4.0,6.0,,SC,,5.0,6.0,6.0,7.0,,,17.8,,,,,,,,,,,,,,,,
BAY-402,,6.0,8.0,,SP-SM,,1.0,2.0,2.0,3.0,,,33.8,,,,,,,,,,,,,,,,
BAY-402,,8.0,10.0,,SP-SM,,0.0,1.0,1.0,2.0,,,31.6,,,,,,,,,,,,,,,,
BAY-402,,10.0,12.0,,ML,,0.0,1.0,1.0,2.0,,,68.9,,,,,80.1,,,,,,,,,,,
BAY-402,,13.0,15.0,,SM,,0.0,1.0,1.0,2.0,,,48.2,,,,,,,,,,,,,,,,
BAY-402,,18.0,20.0,,SM,,1.0,2.0,2.0,3.0,,,30.5,,,,,,,,,,,,,,,,
BAY-402,,23.0,25.0,,SM,,0.0,1.0,1.0,2.0,,,28.5,,,,,,,,,,,,,,,,
BMP-401,,0.0,2.0,,CL,,6.0,7.0,7.0,8.0,,,10.9,,,,,,,,,,,,,,,,
BMP-401,,2.0,4.0,,CL,,5.0,6.0,6.0,7.0,,,22.0,,22.0,43.0,21.0,83.7,,,,,,,,,,,
BMP-401,,4.0,6.0,,SM,,5.0,6.0,6.0,7.0,,,21.9,,,,,,,,,,,,,,,,
BMP-401,,6.0,8.0,,SC,,1.0,2.0,2.0,3.0,,,20.7,,,,,,,,,,,,,,,,
BMP-401,,8.0,10.0,,CL,,-1.0,0.0,0.0,1.0,,,37.6,,,,,,,,,,,,,,,,
BMP-401,,10.0,12.0,,CL,,-1.0,0.0,0.0,1.0,,,49.5,,22.0,43.0,21.0,83.7,,,,,,,,,,,
BMP-401,,13.0,15.0,,CL,,-1.0,0.0,0.0,1.0,,,46.2,,,,,,,,,,,,,,,,
C-401,,0.0,2.0,,SC,,14.0,15.0,15.0,16.0,,,5.8,,,,,,,,,,,,,,,,
C-401,,2.0,4.0,,SC,,8.0,9.0,9.0,10.0,,,10.9,,,,,,,,,,,,,,,,
C-401,,4.0,6.0,,SC,,6.0,7.0,7.0,8.0,,,18.2,,,,,,,,,,,,,,,,
C-401,,6.0,8.0,,CL,,3.0,4.0,4.0,5.0,,,40.4,,,,,,,,,,,,,,,,
C-401,,8.0,10.0,,SC,,2.0,3.0,3.0,4.0,,,40.0,,,,,,,,,,,,,,,,
C-401,,10.0,12.0,,CL,,-1.0,0.0,0.0,1.0,,,37.2,,24.0,39.0,15.0,75.3,,,,,,,,,,,
C-401,,13.0,15.0,,SM,,-1.0,0.0,0.0,1.0,,,41.0,,,,,,,,,,,,,,,,
C-401,,18.0,20.0,,CH,,1.0,2.0,2.0,3.0,,,73.0,,,,,,,,,,,,,,,,
C-401,,23.0,25.0,,SM,,2.0,3.0,3.0,4.0,,,25.5,,,,,,,,,,,,,,,,
C-401,,28.0,30.0,,SM,,0.0,1.0,1.0,2.0,,,34.5,,,,,,,,,,,,,,,,
C-401,,33.0,35.0,,CL,,-1.0,0.0,0.0,1.0,,,39.0,,23.0,33.0,10.0,66.5,,,,,,,,,,,
C-401,,38.0,40.0,,SC,,-1.0,0.0,0.0,1.0,,,40.3,,,,,,,,,,,,,,,,
C-401,,43.0,45.0,,SM,,0.0,1.0,1.0,2.0,,,32.8,,,,,,,,,,,,,,,,
C-401,,48.0,50.0,,SC,,-1.0,0.0,0.0,1.0,,,32.6,,,,,,,,,,,,,,,,
C-402,,0.0,2.0,,CL,,2.0,3.0,3.0,4.0,,,19.4,,,,,,,,,,,,,,,,
C-402,,2.0,4.0,,SC,,6.0,7.0,7.0,8.0,,,11.7,,,,,,,,,,,,,,,,
C-402,,4.0,6.0,,SC,,3.0,4.0,4.0,5.0,,,18.3,,,,,,,,,,,,,,,,
C-402,,6.0,8.0,,SM,,0.0,1.0,1.0,2.0,,,20.1,,,,,,,,,,,,,,,,
C-402,,8.0,10.0,,CH,,-1.0,0.0,0.0,1.0,,,41.8,,,,,,,,,,,,,,,,
C-402,,10.0,12.0,,CL,,-1.0,0.0,0.0,1.0,,,43.6,,15.0,31.0,16.0,86.4,,,,,,,,,,,
C-402,,13.0,15.0,,CL,,0.0,1.0,1.0,2.0,,,38.0,,,,,,,,,,,,,,,,
C-402,,18.0,20.0,,CL,,0.0,1.0,1.0,2.0,,,34.8,,,,,,,,,,,,,,,,
C-402,,23.0,25.0,,SM,,5.0,6.0,6.0,7.0,,,25.1,,,,,,,,,,,,,,,,
C-402,,28.0,30.0,,SC,,0.0,1.0,1.0,2.0,,,33.6,,,,,,,,,,,,,,,,
C-402,,33.0,35.0,,CL,,-1.0,0.0,0.0,1.0,,,37.8,,,,,,,,,,,,,,,,
C-402,,38.0,40.0,,CL,,-1.0,0.0,0.0,1.0,,,,,,,,,,,,,,,,,,,
C-402,,43.0,45.0,,SC,,0.0,1.0,1.0,2.0,,,29.2,,,,,,,,,,,,,,,,
C-402,,48.0,50.0,,CL,,0.0,1.0,1.0,2.0,,,33.1,,,,,,,,,,,,,,,,
C-402,,53.0,55.0,,CH,,0.0,1.0,1.0,2.0,,,37.8,,,,,,,,,,,,,,,,
C-402,,58.0,60.0,,CL,,-1.0,0.0,0.0,1.0,,,42.2,,20.0,42.0,22.0,91.2,,,,,,,,,,,
C-402,,63.0,65.0,,CH,,-1.0,0.0,0.0,1.0,,,37.0,,,,,,,,,,,,,,,,
C-402,,68.0,70.0,,CH,,-1.0,0.0,0.0,1.0,,,34.4,,,,,,,,,,,,,,,,
C-402,,73.0,75.0,,CH,,0.0,1.0,1.0,2.0,,,47.4,,,,,,,,,,,,,,,,
C-402,,78.0,80.0,,CL,,-1.0,0.0,0.0,1.0,,,44.2,,,,,,,,,,,,,,,,
C-402,,83.0,85.0,,CL,,-1.0,0.0,0.0,1.0,,,59.5,,,,,,,,,,,,,,,,
EGC-401,,0.0,2.0,,CL,,3.0,4.0,4.0,5.0,,,11.0,,,,,,,,,,,,,,,,
EGC-401,,2.0,4.0,,CL,,4.0,5.0,5.0,6.0,,,19.2,,,,,,,,,,,,,,,,
EGC-401,,4.0,6.0,,SC,,6.0,7.0,7.0,8.0,,,20.5,,,,,,,,,,,,,,,,
EGC-401,,6.0,8.0,,SC,,2.0,3.0,3.0,4.0,,,35.5,,,,,,,,,,,,,,,,
EGC-401,,8.0,10.0,,SC,,-1.0,0.0,0.0,1.0,,,42.7,,,,,,,,,,,,,,,,
EGC-401,,10.0,12.0,,CH,,-1.0,0.0,0.0,1.0,,,44.6,,,,,,,,,,,,,,,,
EGC-401,,13.0,15.0,,CL,,-1.0,0.0,0.0,1.0,,,44.8,,17.0,34.0,17.0,90.6,,,,,,,,,,,
EGC-401,,18.0,20.0,,SC,,1.0,2.0,2.0,3.0,,,33.3,,,,,,,,,,,,,,,,
EGC-401,,23.0,25.0,,SM,,0.0,1.0,1.0,2.0,,,26.4,,,,,,,,,,,,,,,,
EGC-401,,28.0,30.0,,SC,,0.0,1.0,1.0,2.0,,,31.3,,12.0,24.0,12.0,35.7,,,,,,,,,,,
EGC-401,,33.0,35.0,,CH,,-1.0,0.0,0.0,1.0,,,45.2,,,,,,,,,,,,,,,,
EGC-401,,38.0,40.0,,CH,,-1.0,0.0,0.0,1.0,,,43.5,,,,,,,,,,,,,,,,
EGC-401,,40.0,42.0,,CL,,,,,,,,,,12.0,22.0,10.0,53.8,,,,,,,,,,,
EGC-401,,42.0,44.0,,SC,,0.0,1.0,1.0,2.0,,,33.7,,,,,,,,,,,,,,,,
EGC-401,,48.0,50.0,,SC,,0.0,1.0,1.0,2.0,,,33.5,,,,,,,,,,,,,,,,
EGC-401,,53.0,55.0,,CH,,-1.0,0.0,0.0,1.0,,,34.3,,,,,,,,,,,,,,,,
EGC-401,,58.0,60.0,,CH,,0.0,1.0,1.0,2.0,,,37.9,,,,,,,,,,,,,,,,
EGC-401,,63.0,65.0,,CH,,-1.0,0.0,0.0,1.0,,,38.5,,16.0,45.0,29.0,86.8,,,,,,,,,,,
EGC-401,,68.0,70.0,,SC,,-1.0,0.0,0.0,1.0,,,42.2,,,,,,,,,,,,,,,,
EGC-401,,73.0,75.0,,SC,,1.0,2.0,2.0,3.0,,,31.4,,,,,,,,,,,,,,,,
EGC-401,,78.0,80.0,,CH,,0.0,1.0,1.0,2.0,,,43.4,,,,,,,,,,,,,,,,
EGC-401,,80.0,82.0,,CH,,,,,,,,40.1,,,,,,,,,,,,,,,,
EGC-401,,82.0,84.0,,CH,,-1.0,0.0,0.0,1.0,,,49.6,,,,,,,,,,,,,,,,
EGC-401,,88.0,90.0,,CH,,-1.0,0.0,0.0,1.0,,,50.8,,,,,81.8,,,,,,,,,,,
EGC-401,,93.0,95.0,,SC,,-1.0,0.0,0.0,1.0,,,38.0,,,,,,,,,,,,,,,,
EGC-401,,98.0,100.0,,SP-SM,,8.0,9.0,9.0,10.0,,,20.0,,,,,,,,,,,,,,,,
FB-201,,0.0,2.0,,SP-SM,,17.0,18.0,18.0,19.0,,,12.1,,,,,,,,,,,,,,,,
FB-201,,2.0,4.0,,SP-SM,,16.0,17.0,17.0,18.0,,,11.4,,,,,,,,,,,,,,,,
FB-201,,4.0,6.0,,CL,,8.0,9.0,9.0,10.0,,,17.2,,18.0,29.0,11.0,92.8,,,,,,,,,,,
FB-201,,6.0,8.0,,SM,,4.0,5.0,5.0,6.0,,,18.7,,,,,,,,,,,,,,,,
FB-201,,8.0,10.0,,SP-SM,,11.0,12.0,12.0,13.0,,,14.6,,,,,,,,,,,,,,,,
FB-201,,10.0,12.0,,SP-SM,,3.0,4.0,4.0,5.0,,,19.1,,,,,,,,,,,,,,,,
FB-201,,13.0,15.0,,SP,,1.0,2.0,2.0,3.0,,,19.6,,0.0,0.0,0.0,6.1,,,,,,,,,,,
FB-201,,18.0,20.0,,SP-SM,,6.0,7.0,7.0,8.0,,,23.5,,,,,,,,,,,,,,,,
FB-201,,23.0,25.0,,SM,,5.0,6.0,6.0,7.0,,,24.3,,,,,,,,,,,,,,,,
FB-201,,28.0,30.0,,SM,,2.0,3.0,3.0,4.0,,,27.0,,,,,,,,,,,,,,,,
FB-202,,0.0,2.0,,SP-SM,,17.0,18.0,18.0,19.0,,,8.1,,,,,,,,,,,,,,,,
FB-202,,2.0,4.0,,SP-SM,,25.0,26.0,26.0,27.0,,,9.0,,,,,,,,,,,,,,,,
FB-202,,4.0,6.0,,SP-SM,,38.0,39.0,39.0,40.0,,,12.0,,,,,,,,,,,,,,,,
FB-202,,6.0,8.0,,SP-SM,,28.0,29.0,29.0,30.0,,,11.8,,,,,,,,,,,,,,,,
FB-202,,8.0,10.0,,SP-SM,,11.0,12.0,12.0,13.0,,,7.0,,,,,,,,,,,,,,,,
FB-202,,10.0,12.0,,SW,,4.0,5.0,5.0,6.0,,,11.4,,0.0,0.0,0.0,6.7,,,,,,,,,,,
FB-202,,13.0,15.0,,SP-SM,,4.0,5.0,5.0,6.0,,,19.0,,,,,,,,,,,,,,,,
FB-202,,18.0,20.0,,SP-SM,,7.0,8.0,8.0,9.0,,,17.1,,,,,,,,,,,,,,,,
FB-202,,23.0,25.0,,SP-SM,,4.0,5.0,5.0,6.0,,,17.5,,,,,,,,,,,,,,,,
FB-202,,28.0,30.0,,SM,,2.0,3.0,3.0,4.0,,,29.0,,,,,,,,,,,,,,,,
FB-203,,0.0,2.0,,GP,,8.0,9.0,9.0,10.0,,,23.6,,,,,,,,,,,,,,,,
FB-203,,2.0,4.0,,CL,,3.0,4.0,4.0,5.0,,,23.1,,19.0,42.0,19.0,91.8,,,,,,,,,,,
FB-203,,4.0,6.0,,CL,,4.0,5.0,5.0,6.0,,,25.5,,17.0,30.0,13.0,97.1,,,,,,,,,,,
FB-203,,6.0,8.0,,SP-SM,,6.0,7.0,7.0,8.0,,,15.8,,,,,,,,,,,,,,,,
FB-203,,8.0,10.0,,SP-SM,,1.0,2.0,2.0,3.0,,,25.4,,,,,,,,,,,,,,,,
FB-203,,10.0,12.0,,SM,,-1.0,0.0,0.0,1.0,,,24.5,,,,,,,,,,,,,,,,
FB-203,,13.0,15.0,,SM,,1.0,2.0,2.0,3.0,,,19.9,,,,,,,,,,,,,,,,
FB-203,,18.0,20.0,,SP-SM,,3.0,4.0,4.0,5.0,,,24.8,,,,,,,,,,,,,,,,
FB-203,,23.0,25.0,,SM,,0.0,1.0,1.0,2.0,,,26.4,,,,,,,,,,,,,,,,
FB-203,,28.0,30.0,,SM,,0.0,1.0,1.0,2.0,,,30.5,,,,,,,,,,,,,,,,
FB-204,,0.0,2.0,,SP-SM,,8.0,9.0,9.0,10.0,,,9.6,,,,,,,,,,,,,,,,
FB-204,,2.0,4.0,,SP-SM,,20.0,21.0,21.0,22.0,,,8.8,,,,,,,,,,,,,,,,
FB-204,,4.0,6.0,,SP-SM,,29.0,30.0,30.0,31.0,,,9.0,,,,,,,,,,,,,,,,
FB-204,,6.0,8.0,,SP-SM,,26.0,27.0,27.0,28.0,,,12.3,,,,,,,,,,,,,,,,
FB-204,,8.0,10.0,,SP-SM,,19.0,20.0,20.0,21.0,,,6.7,,,,,,,,,,,,,,,,
FB-204,,10.0,12.0,,SM,,6.0,7.0,7.0,8.0,,,6.9,,,,,,,,,,,,,,,,
FB-204,,13.0,15.0,,SM,,5.0,6.0,6.0,7.0,,,16.4,,,,,,,,,,,,,,,,
FB-204,,18.0,20.0,,SP-SM,,4.0,5.0,5.0,6.0,,,22.3,,,,,,,,,,,,,,,,
FB-204,,23.0,25.0,,SP-SM,,2.0,3.0,3.0,4.0,,,,,,,,,,,,,,,,,,,
FB-204,,28.0,30.0,,SP-SM,,4.0,5.0,5.0,6.0,,,,,,,,,,,,,,,,,,,
FB-204,,33.0,35.0,,SP-SM,,2.0,3.0,3.0,4.0,,,32.0,,,,,,,,,,,,,,,,
FB-205,,0.0,2.0,,SC,,7.0,8.0,8.0,9.0,,,8.9,,,,,,,,,,,,,,,,
FB-205,,2.0,4.0,,SC,,14.0,15.0,15.0,16.0,,,12.1,,,,,,,,,,,,,,,,
FB-205,,4.0,6.0,,SC,,7.0,8.0,8.0,9.0,,,20.5,,,,,,,,,,,,,,,,
FB-205,,6.0,8.0,,CL,,7.0,8.0,8.0,9.0,,,22.5,,10.0,21.0,11.0,60.0,,,,,,,,,,,
FB-205,,8.0,10.0,,SP-SM,,2.0,3.0,3.0,4.0,,,11.3,,,,,,,,,,,,,,,,
FB-205,,10.0,12.0,,SP-SM,,0.0,1.0,1.0,2.0,,,11.9,,0.0,0.0,0.0,5.9,,,,,,,,,,,
FB-205,,13.0,15.0,,SP-SM,,3.0,4.0,4.0,5.0,,,19.2,,,,,,,,,,,,,,,,
FB-205,,18.0,20.0,,SP-SM,,3.0,4.0,4.0,5.0,,,25.3,,,,,,,,,,,,,,,,
FB-205,,23.0,25.0,,SP-SM,,2.0,3.0,3.0,4.0,,,22.8,,,,,,,,,,,,,,,,
FB-205,,28.0,30.0,,SP-SM,,1.0,2.0,2.0,3.0,,,34.9,,,,,,,,,,,,,,,,
FB-206,,0.0,2.0,,SM,,6.0,7.0,7.0,8.0,,,10.9,,,,,,,,,,,,,,,,
FB-206,,2.0,4.0,,SM,,1.0,2.0,2.0,3.0,,,11.6,,,,,,,,,,,,,,,,
FB-206,,4.0,6.0,,SC,,3.0,4.0,4.0,5.0,,,18.2,,,,,,,,,,,,,,,,
FB-206,,6.0,8.0,,SP-SM,,9.0,10.0,10.0,11.0,,,16.7,,,,,,,,,,,,,,,,
FB-206,,8.0,10.0,,SP-SM,,4.0,5.0,5.0,6.0,,,14.1,,,,,,,,,,,,,,,,
FB-206,,10.0,12.0,,SP-SM,,3.0,4.0,4.0,5.0,,,17.4,,,,,,,,,,,,,,,,
FB-206,,13.0,15.0,,SP-SM,,8.0,9.0,9.0,10.0,,,15.9,,0.0,0.0,0.0,4.1,,,,,,,,,,,
FB-206,,18.0,20.0,,SM,,0.0,1.0,1.0,2.0,,,28.9,,,,,,,,,,,,,,,,
FB-206,,23.0,25.0,,SM,,1.0,2.0,2.0,3.0,,,29.7,,,,,,,,,,,,,,,,
FB-206,,28.0,30.0,,SM,,1.0,2.0,2.0,3.0,,,31.4,,,,,,,,,,,,,,,,
FB-207,,0.0,2.0,,SC,,11.0,12.0,12.0,13.0,,,8.2,,,,,,,,,,,,,,,,
FB-207,,2.0,4.0,,SC,,5.0,6.0,6.0,7.0,,,19.8,,,,,,,,,,,,,,,,
FB-207,,4.0,6.0,,SP-SM,,9.0,10.0,10.0,11.0,,,19.9,,,,,,,,,,,,,,,,
FB-207,,6.0,8.0,,SP-SM,,3.0,4.0,4.0,5.0,,,13.0,,,,,,,,,,,,,,,,
FB-207,,8.0,10.0,,SP-SM,,7.0,8.0,8.0,9.0,,,11.9,,,,,,,,,,,,,,,,
FB-207,,10.0,12.0,,SP-SM,,,,,,,,9.8,,,,,,,,,,,,,,,,
FB-207,,13.0,15.0,,SM,,29.0,30.0,30.0,31.0,,,14.9,,,,,,,,,,,,,,,,
FB-207,,18.0,20.0,,SM,,0.0,1.0,1.0,2.0,,,29.6,,,,,,,,,,,,,,,,
FB-207,,23.0,25.0,,SM,,0.0,1.0,1.0,2.0,,,31.1,,,,,,,,,,,,,,,,
FB-207,,28.0,30.0,,SM,,0.0,1.0,1.0,2.0,,,34.3,,0.0,0.0,0.0,19.7,,,,,,,,,,,
FB-208,,0.0,2.0,,SP-SM,,9.0,10.0,10.0,11.0,,,8.0,,,,,,,,,,,,,,,,
FB-208,,2.0,4.0,,SC,,6.0,7.0,7.0,8.0,,,21.5,,,,,,,,,,,,,,,,
FB-208,,4.0,6.0,,SP-SM,,8.0,9.0,9.0,10.0,,,10.7,,,,,,,,,,,,,,,,
FB-208,,6.0,8.0,,SP-SM,,8.0,9.0,9.0,10.0,,,15.0,,,,,,,,,,,,,,,,
FB-208,,8.0,10.0,,SP-SM,,6.0,7.0,7.0,8.0,,,16.3,,,,,,,,,,,,,,,,
FB-208,,10.0,12.0,,SP-SM,,8.0,9.0,9.0,10.0,,,15.0,,,,,,,,,,,,,,,,
FB-208,,13.0,15.0,,SP-SM,,12.0,13.0,13.0,14.0,,,17.7,,,,,,,,,,,,,,,,
FB-208,,18.0,20.0,,SP-SM,,1.0,2.0,2.0,3.0,,,24.1,,0.0,0.0,0.0,5.3,,,,,,,,,,,
FB-208,,23.0,25.0,,SP-SM,,5.0,6.0,6.0,7.0,,,23.4,,,,,,,,,,,,,,,,
FB-208,,28.0,30.0,,SP-SM,,3.0,4.0,4.0,5.0,,,23.9,,,,,,,,,,,,,,,,
P-401,,0.0,2.0,,CL,,3.0,4.0,4.0,5.0,,,13.4,,10.0,21.0,11.0,73.8,,,,,,,,,,,
P-401,,2.0,4.0,,CL,,1.0,2.0,2.0,3.0,,,22.1,,14.0,33.0,19.0,90.5,,,,,,,,,,,
P-401,,4.0,6.0,,SC,,3.0,4.0,4.0,5.0,,,37.4,,,,,,,,,,,,,,,,
P-402,,0.0,2.0,,CL,,2.0,3.0,3.0,4.0,,,24.8,,19.0,54.0,35.0,94.4,,,,,,,,,,,
P-402,,2.0,4.0,,CL,,6.0,7.0,7.0,8.0,,,14.2,,,,,,,,,,,,,,,,
P-402,,4.0,6.0,,SP,,7.0,8.0,8.0,9.0,,,9.8,,,,,,,,,,,,,,,,
P-403,,0.0,2.0,,SC,,4.0,5.0,5.0,6.0,,,12.2,,,,,,,,,,,,,,,,
P-403,,2.0,4.0,,CH,,4.0,5.0,5.0,6.0,,,23.9,,15.0,60.0,45.0,89.3,,,,,,,,,,,
P-403,,4.0,6.0,,CH,,5.0,6.0,6.0,7.0,,,25.0,,,,,,,,,,,,,,,,
P-404,,0.0,2.0,,CL,,10.0,11.0,11.0,12.0,,,9.5,,11.0,19.0,8.0,56.9,,,,,,,,,,,
P-404,,2.0,4.0,,SC,,6.0,7.0,7.0,8.0,,,24.2,,,,,,,,,,,,,,,,
P-404,,4.0,6.0,,SC,,4.0,5.0,5.0,6.0,,,24.9,,,,,,,,,,,,,,,,
P-405,,0.0,2.0,,SC,,1.0,2.0,2.0,3.0,,,9.6,,,,,,,,,,,,,,,,
P-405,,2.0,4.0,,SC,,5.0,6.0,6.0,7.0,,,14.2,,,,,,,,,,,,,,,,
P-405,,4.0,6.0,,SC,,5.0,6.0,6.0,7.0,,,15.6,,,,,,,,,,,,,,,,
P-406,,0.0,2.0,,CL,,4.0,5.0,5.0,6.0,,,19.4,,,,,,,,,,,,,,,,
P-406,,2.0,4.0,,SC,,1.0,2.0,2.0,3.0,,,21.8,,,,,,,,,,,,,,,,
P-406,,4.0,6.0,,SC,,1.0,2.0,2.0,3.0,,,22.9,,,,,,,,,,,,,,,,
P-407,,0.0,2.0,,SC,,5.0,6.0,6.0,7.0,,,9.3,,,,,,,,,,,,,,,,
P-407,,2.0,4.0,,SC,,2.0,3.0,3.0,4.0,,,24.4,,,,,,,,,,,,,,,,
P-407,,4.0,6.0,,SC,,2.0,3.0,3.0,4.0,,,16.0,,,,,,,,,,,,,,,,
PS-401,,0.0,2.0,,SC,,6.0,7.0,7.0,8.0,,,9.2,,,,,,,,,,,,,,,,
PS-401,,2.0,4.0,,SC,,3.0,4.0,4.0,5.0,,,18.1,,,,,,,,,,,,,,,,
PS-401,,4.0,6.0,,SC,,3.0,4.0,4.0,5.0,,,24.0,,,,,,,,,,,,,,,,
PS-401,,6.0,8.0,,SC,,0.0,1.0,1.0,2.0,,,34.4,,,,,,,,,,,,,,,,
PS-401,,8.0,10.0,,CH,,0.0,1.0,1.0,2.0,,,40.7,,,,,,,,,,,,,,,,
PS-401,,10.0,12.0,,SC,,0.0,1.0,1.0,2.0,,,42.0,,,,,,,,,,,,,,,,
PS-401,,13.0,15.0,,CL,,0.0,1.0,1.0,2.0,,,42.7,,22.0,35.0,13.0,96.9,,,,,,,,,,,
PS-401,,18.0,20.0,,SM,,3.0,4.0,4.0,5.0,,,25.3,,,,,,,,,,,,,,,,
PS-401,,23.0,25.0,,SM,,3.0,4.0,4.0,5.0,,,23.2,,0.0,0.0,0.0,16.1,,,,,,,,,,,
PS-401,,28.0,30.0,,SC,,0.0,1.0,1.0,2.0,,,34.2,,,,,,,,,,,,,,,,
PS-401,,33.0,35.0,,SC,,0.0,1.0,1.0,2.0,,,31.5,,,,,,,,,,,,,,,,
PS-401,,38.0,40.0,,CL,,-1.0,0.0,0.0,1.0,,,35.5,,17.0,43.0,26.0,67.2,,,,,,,,,,,
PS-401,,43.0,45.0,,SC,,0.0,1.0,1.0,2.0,,,31.9,,,,,,,,,,,,,,,,
PS-401,,48.0,50.0,,CH,,0.0,1.0,1.0,2.0,,,37.2,,,,,,,,,,,,,,,,
PS-401,,53.0,55.0,,CH,,-1.0,0.0,0.0,1.0,,,34.2,,,,,,,,,,,,,,,,
PS-401,,58.0,60.0,,CH,,0.0,1.0,1.0,2.0,,,36.5,,,,,,,,,,,,,,,,
PS-401,,60.0,62.0,,ML,,,,,,,,33.8,,20.0,22.0,2.0,89.19999999999999,,,,,,,,,,,
PS-401,,62.0,64.0,,CH,,-1.0,0.0,0.0,1.0,,,39.3,,,,,,,,,,,,,,,,
PS-401,,68.0,70.0,,CH,,0.0,1.0,1.0,2.0,,,44.1,,,,,,,,,,,,,,,,
PS-401,,73.0,75.0,,CH,,1.0,2.0,2.0,3.0,,,,,,,,,,,,,,,,,,,
PS-401,,78.0,80.0,,SC,,0.0,1.0,1.0,2.0,,,38.0,,,,,,,,,,,,,,,,
PS-401,,83.0,85.0,,SC,,-1.0,0.0,0.0,1.0,,,47.6,,22.0,53.0,31.0,23.5,,,,,,,,,,,
PS-401,,88.0,90.0,,CH,,0.0,1.0,1.0,2.0,,,30.0,,,,,,,,,,,,,,,,
PS-401,,93.0,95.0,,CH,,0.0,1.0,1.0,2.0,,,57.9,,,,,,,,,,,,,,,,
PS-401,,98.0,100.0,,SC,,7.0,8.0,8.0,9.0,,,24.3,,,,,,,,,,,,,,,,
RW-401,,0.0,2.0,,SC,,6.0,7.0,7.0,8.0,,,13.4,,,,,,,,,,,,,,,,
RW-401,,2.0,4.0,,SC,,5.0,6.0,6.0,7.0,,,22.4,,,,,,,,,,,,,,,,
RW-401,,4.0,6.0,,SC,,6.0,7.0,7.0,8.0,,,14.3,,,,,,,,,,,,,,,,
RW-401,,6.0,8.0,,SP-SM,,0.0,1.0,1.0,2.0,,,30.8,,,,,,,,,,,,,,,,
RW-401,,8.0,10.0,,SC,,-1.0,0.0,0.0,1.0,,,18.8,,0.0,0.0,0.0,19.8,,,,,,,,,,,
RW-401,,10.0,12.0,,SM,,0.0,1.0,1.0,2.0,,,20.4,,,,,,,,,,,,,,,,
RW-401,,13.0,15.0,,SM,,0.0,1.0,1.0,2.0,,,54.8,,,,,,,,,,,,,,,,
RW-401,,18.0,20.0,,SM,,1.0,2.0,2.0,3.0,,,25.8,,,,,,,,,,,,,,,,
RW-401,,23.0,25.0,,SM,,2.0,3.0,3.0,4.0,,,26.8,,,,,,,,,,,,,,,,
RW-401,,28.0,30.0,,SC,,-1.0,0.0,0.0,1.0,,,84.0,,,,,,,,,,,,,,,,
RW-404,,0.0,2.0,,SC,,5.0,6.0,6.0,7.0,,,7.9,,,,,,,,,,,,,,,,
RW-404,,2.0,4.0,,SC,,8.0,9.0,9.0,10.0,,,15.6,,,,,,,,,,,,,,,,
RW-404,,4.0,6.0,,SC,,6.0,7.0,7.0,8.0,,,20.2,,,,,,,,,,,,,,,,
RW-404,,6.0,8.0,,SC,,2.0,3.0,3.0,4.0,,,28.7,,,,,,,,,,,,,,,,
RW-404,,8.0,10.0,,SC,,1.0,2.0,2.0,3.0,,,33.9,,,,,,,,,,,,,,,,
RW-404,,10.0,12.0,,CH,,-1.0,0.0,0.0,1.0,,,43.1,,29.0,59.0,30.0,89.9,,,,,,,,,,,
RW-404,,13.0,15.0,,SM,,0.0,1.0,1.0,2.0,,,45.1,,,,,,,,,,,,,,,,
RW-404,,18.0,20.0,,SM,,4.0,5.0,5.0,6.0,,,15.8,,,,,,,,,,,,,,,,
RW-404,,23.0,25.0,,SM,,3.0,4.0,4.0,5.0,,,24.7,,,,,,,,,,,,,,,,
RW-404,,28.0,30.0,,SC,,0.0,1.0,1.0,2.0,,,32.1,,18.0,27.0,9.0,44.7,,,,,,,,,,,
RW-405,,0.0,2.0,,SC,,7.0,8.0,8.0,9.0,,,6.8,,,,,,,,,,,,,,,,
RW-405,,2.0,4.0,,SC,,11.0,12.0,12.0,13.0,,,18.4,,,,,,,,,,,,,,,,
RW-405,,4.0,6.0,,CL,,5.0,6.0,6.0,7.0,,,28.9,,,,,,,,,,,,,,,,
RW-405,,6.0,8.0,,SC,,1.0,2.0,2.0,3.0,,,25.6,,,,,,,,,,,,,,,,
RW-405,,8.0,10.0,,SC,,4.0,5.0,5.0,6.0,,,36.3,,,,,,,,,,,,,,,,
RW-405,,10.0,12.0,,SC,,-1.0,0.0,0.0,1.0,,,32.3,,,,,,,,,,,,,,,,
RW-405,,13.0,15.0,,CH,,-1.0,0.0,0.0,1.0,,,58.3,,,,,,,,,,,,,,,,
RW-405,,18.0,20.0,,SP-SM,,2.0,3.0,3.0,4.0,,,27.3,,,,,,,,,,,,,,,,
RW-405,,23.0,25.0,,SP-SM,,2.0,3.0,3.0,4.0,,,23.4,,,,,,,,,,,,,,,,
RW-405,,28.0,30.0,,SC,,0.0,1.0,1.0,2.0,,,31.5,,16.0,31.0,15.0,27.7,,,,,,,,,,,
RW-406,,0.0,2.0,,SC,,2.0,3.0,3.0,4.0,,,11.4,,,,,,,,,,,,,,,,
RW-406,,2.0,4.0,,SC,,5.0,6.0,6.0,7.0,,,19.6,,,,,,,,,,,,,,,,
RW-406,,4.0,6.0,,SP-SM,,8.0,9.0,9.0,10.0,,,19.4,,,,,,,,,,,,,,,,
RW-406,,6.0,8.0,,SC,,1.0,2.0,2.0,3.0,,,36.6,,,,,,,,,,,,,,,,
RW-406,,8.0,10.0,,CH,,0.0,1.0,1.0,2.0,,,38.5,,,,,,,,,,,,,,,,
RW-406,,10.0,12.0,,SM,,-1.0,0.0,0.0,1.0,,,32.9,,,,,,,,,,,,,,,,
RW-406,,13.0,15.0,,CL,,-1.0,0.0,0.0,1.0,,,42.0,,21.0,41.0,20.0,86.2,,,,,,,,,,,
RW-406,,18.0,20.0,,SC,,2.0,3.0,3.0,4.0,,,44.3,,,,,,,,,,,,,,,,
RW-406,,23.0,25.0,,SC,,1.0,2.0,2.0,3.0,,,23.3,,,,,,,,,,,,,,,,
RW-406,,28.0,30.0,,SM,,0.0,1.0,1.0,2.0,,,30.9,,,,,,,,,,,,,,,,
RW-407,,0.0,2.0,,SC,,4.0,5.0,5.0,6.0,,,13.5,,,,,,,,,,,,,,,,
RW-407,,2.0,4.0,,SC,,3.0,4.0,4.0,5.0,,,21.9,,,,,,,,,,,,,,,,
RW-407,,4.0,6.0,,SC,,3.0,4.0,4.0,5.0,,,20.2,,,,,,,,,,,,,,,,
RW-407,,6.0,8.0,,SC,,3.0,4.0,4.0,5.0,,,17.5,,,,,,,,,,,,,,,,
RW-407,,8.0,10.0,,SP-SM,,0.0,1.0,1.0,2.0,,,35.3,,,,,,,,,,,,,,,,
RW-407,,10.0,12.0,,ML,,-1.0,0.0,0.0,1.0,,,41.8,,,,,81.5,,,,,,,,,,,
RW-407,,13.0,15.0,,SC,,-1.0,0.0,0.0,1.0,,,40.1,,,,,,,,,,,,,,,,
RW-407,,18.0,20.0,,ML,,1.0,2.0,2.0,3.0,,,28.5,,,,,50.8,,,,,,,,,,,
RW-407,,23.0,25.0,,SM,,2.0,3.0,3.0,4.0,,,23.8,,,,,,,,,,,,,,,,
RW-407,,28.0,30.0,,SM,,2.0,3.0,3.0,4.0,,,28.1,,,,,,,,,,,,,,,,
RW-407,,33.0,35.0,,ML,,0.0,1.0,1.0,2.0,,,37.3,,,,,67.9,,,,,,,,,,,
RW-407,,38.0,40.0,,SC,,0.0,1.0,1.0,2.0,,,28.9,,,,,,,,,,,,,,,,
RW-407,,43.0,45.0,,SC,,0.0,1.0,1.0,2.0,,,31.7,,,,,,,,,,,,,,,,
RW-407,,48.0,50.0,,CH,,0.0,1.0,1.0,2.0,,,37.6,,,,,,,,,,,,,,,,
RW-407,,50.0,52.0,,CL,,,,,,,,,,19.0,32.0,13.0,75.5,,,,,,,,,,,
RW-407,,52.0,54.0,,CH,,0.0,1.0,1.0,2.0,,,47.2,,,,,,,,,,,,,,,,
RW-407,,58.0,60.0,,CH,,0.0,1.0,1.0,2.0,,,40.9,,,,,93.2,,,,,,,,,,,
RW-407,,63.0,65.0,,CL,,-1.0,0.0,0.0,1.0,,,36.6,,,,,,,,,,,,,,,,
RW-407,,68.0,70.0,,SC,,0.0,1.0,1.0,2.0,,,39.3,,,,,,,,,,,,,,,,
RW-407,,73.0,75.0,,SC,,0.0,1.0,1.0,2.0,,,38.0,,,,,,,,,,,,,,,,
RW-407,,78.0,80.0,,CH,,-1.0,0.0,0.0,1.0,,,46.9,,,,,,,,,,,,,,,,
RW-407,,83.0,85.0,,SC,,-1.0,0.0,0.0,1.0,,,42.1,,,,,,,,,,,,,,,,
RW-407,,88.0,90.0,,SC,,-1.0,0.0,0.0,1.0,,,43.1,,,,,,,,,,,,,,,,
RW-407,,93.0,95.0,,CH,,2.0,3.0,3.0,4.0,,,52.0,,,,,,,,,,,,,,,,
RW-407,,98.0,100.0,,CH,,2.0,3.0,3.0,4.0,,,53.9,,,,,,,,,,,,,,,,
RW-407,,103.0,105.0,,SP-SM,,11.0,12.0,12.0,13.0,,,30.9,,,,,,,,,,,,,,,,
RW-407,,108.0,110.0,,SP-SM,,4.0,5.0,5.0,6.0,,,32.7,,,,,,,,,,,,,,,,
TG-401,,0.0,2.0,,SC,,4.0,5.0,5.0,6.0,,,9.7,,,,,,,,,,,,,,,,
TG-401,,2.0,4.0,,SC,,1.0,2.0,2.0,3.0,,,35.1,,,,,,,,,,,,,,,,
TG-401,,4.0,6.0,,CL,,1.0,2.0,2.0,3.0,,,42.4,,,,,,,,,,,,,,,,
TG-401,,6.0,8.0,,CL,,1.0,2.0,2.0,3.0,,,26.7,,,,,,,,,,,,,,,,
TG-401,,8.0,10.0,,SC,,2.0,3.0,3.0,4.0,,,20.1,,,,,,,,,,,,,,,,
TG-401,,10.0,12.0,,SC,,2.0,3.0,3.0,4.0,,,26.0,,,,,,,,,,,,,,,,
TG-401,,13.0,15.0,,SC,,0.0,1.0,1.0,2.0,,,49.0,,,,,,,,,,,,,,,,
TG-401,,18.0,20.0,,SM,,2.0,3.0,3.0,4.0,,,26.1,,,,,,,,,,,,,,,,
TG-401,,23.0,25.0,,SM,,0.0,1.0,1.0,2.0,,,30.5,,,,,,,,,,,,,,,,
TG-401,,28.0,30.0,,CL,,0.0,1.0,1.0,2.0,,,36.4,,19.0,37.0,18.0,62.7,,,,,,,,,,,
TG-401,,33.0,35.0,,SC,,0.0,1.0,1.0,2.0,,,35.3,,,,,,,,,,,,,,,,
TG-401,,38.0,40.0,,SC,,0.0,1.0,1.0,2.0,,,32.9,,,,,,,,,,,,,,,,
TG-401,,43.0,45.0,,SC,,0.0,1.0,1.0,2.0,,,32.8,,,,,,,,,,,,,,,,
TG-401,,48.0,50.0,,CH,,0.0,1.0,1.0,2.0,,,32.5,,,,,,,,,,,,,,,,
TG-401,,53.0,55.0,,CH,,0.0,1.0,1.0,2.0,,,37.3,,,,,,,,,,,,,,,,
TG-401,,58.0,60.0,,CH,,0.0,1.0,1.0,2.0,,,39.9,,23.0,64.0,41.0,67.5,,,,,,,,,,,
TG-401,,60.0,62.0,,CH,,,,,,,,,,16.0,34.0,18.0,89.0,,,,,,,,,,,
TG-401,,62.0,64.0,,CH,,-1.0,0.0,0.0,1.0,,,45.3,,,,,,,,,,,,,,,,
TG-401,,68.0,70.0,,SC,,1.0,2.0,2.0,3.0,,,35.7,,,,,,,,,,,,,,,,
TG-401,,73.0,75.0,,SC,,0.0,1.0,1.0,2.0,,,37.0,,,,,,,,,,,,,,,,
TG-401,,78.0,80.0,,CH,,-1.0,0.0,0.0,1.0,,,45.2,,22.0,50.0,28.0,78.8,,,,,,,,,,,
TG-401,,83.0,85.0,,CH,,-1.0,0.0,0.0,1.0,,,54.1,,,,,,,,,,,,,,,,
TG-401,,88.0,90.0,,SC,,1.0,2.0,2.0,3.0,,,38.3,,,,,,,,,,,,,,,,
TG-401,,93.0,95.0,,CH,,6.0,7.0,7.0,8.0,,,29.1,,,,,,,,,,,,,,,,
TG-401,,98.0,100.0,,CH,,1.0,2.0,2.0,3.0,,,43.6,,23.0,64.0,41.0,67.5,,,,,,,,,,,
TG-401,,103.0,105.0,,SP-SM,,9.0,10.0,10.0,11.0,,,26.4,,,,,,,,,,,,,,,,
TG-401,,108.0,110.0,,SC,,4.0,5.0,5.0,6.0,,,56.2,,15.0,25.0,10.0,21.5,,,,,,,,,,,
TG-401,,113.0,115.0,,SM,,5.0,6.0,6.0,7.0,,,28.5,,,,,,,,,,,,,,,,
TG-401,,118.0,120.0,,SM,,11.0,12.0,12.0,13.0,,,17.4,,,,,,,,,,,,,,,,
TG-401,,123.0,125.0,,SP,,9.0,10.0,10.0,11.0,,,22.7,,0.0,0.0,0.0,10.3,,,,,,,,,,,
S-1A,,0.0,2.0,,SC,,8.0,9.0,9.0,10.0,,,,,,,,,,,,,,,,,,,
S-1A,,2.0,4.0,,SC,,5.0,6.0,6.0,7.0,,,,,,,,,,,,,,,,,,,
S-1A,,4.0,6.0,,CL,,2.0,3.0,3.0,4.0,,,,,,,,,,,,,,,,,,,
S-1A,,6.0,8.0,,SP,,5.0,6.0,6.0,7.0,,,,,,,,,,,,,,,,,,,
S-1A,,8.0,10.0,,SP-SM,,1.0,2.0,2.0,3.0,,,,,,,,,,,,,,,,,,,
S-1A,,10.0,12.0,,SC,,3.0,4.0,4.0,5.0,,,,,,,,,,,,,,,,,,,
S-1A,,13.0,15.0,,SP,,13.0,14.0,14.0,15.0,,,,,,,,,,,,,,,,,,,
S-1A,,18.0,20.0,,SC,,2.0,3.0,3.0,4.0,,,,,,,,,,,,,,,,,,,
S-1A,,23.0,25.0,,SC,,0.0,1.0,1.0,2.0,,,,,,,,,,,,,,,,,,,
S-1A,,28.0,30.0,,SC,,0.0,1.0,1.0,2.0,,,,,,,,,,,,,,,,,,,
S-1A,,33.0,35.0,,CH,,-1.0,0.0,0.0,1.0,,,43.0,,19.0,51.0,32.0,79.0,,,,,,,,,,,
S-1A,,38.0,40.0,,CH,,0.0,1.0,1.0,2.0,,,,,,,,,,,,,,,,,,,
S-1A,,43.0,45.0,,CH,,0.0,1.0,1.0,2.0,,,,,,,,,,,,,,,,,,,
S-1A,,48.0,50.0,,SC,,1.0,2.0,2.0,3.0,,,,,,,,,,,,,,,,,,,
S-1B,,0.0,2.0,,SC,,9.0,10.0,10.0,11.0,,,,,,,,,,,,,,,,,,,
S-1B,,2.0,4.0,,SC,,4.0,5.0,5.0,6.0,,,,,,,,,,,,,,,,,,,
S-1B,,4.0,6.0,,CL,,3.0,4.0,4.0,5.0,,,,,,,,,,,,,,,,,,,
S-1B,,6.0,8.0,,SC,,1.0,2.0,2.0,3.0,,,,,,,,,,,,,,,,,,,
S-1B,,8.0,10.0,,SC,,2.0,3.0,3.0,4.0,,,,,,,,,,,,,,,,,,,
S-1B,,10.0,12.0,,SC,,0.0,1.0,1.0,2.0,,,22.0,,11.0,21.0,10.0,45.0,,,,,,,,,,,
S-1B,,13.0,15.0,,CL,,-1.0,0.0,0.0,1.0,,,,,,,,,,,,,,,,,,,
S-1B,,18.0,20.0,,SP,,2.0,3.0,3.0,4.0,,,,,,,,,,,,,,,,,,,
S-1B,,23.0,25.0,,SM,,2.0,3.0,3.0,4.0,,,,,,,,,,,,,,,,,,,
S-1B,,28.0,30.0,,SC,,1.0,2.0,2.0,3.0,,,,,,,,,,,,,,,,,,,
S-1B,,33.0,35.0,,SC,,-1.0,0.0,0.0,1.0,,,41.0,,13.0,25.0,12.0,46.0,,,,,,,,,,,
S-1B,,38.0,40.0,,CL,,-1.0,0.0,0.0,1.0,,,,,,,,,,,,,,,,,,,
S-1B,,43.0,45.0,,CL,,0.0,1.0,1.0,2.0,,,,,,,,,,,,,,,,,,,
S-1B,,48.0,50.0,,CL,,0.0,1.0,1.0,2.0,,,,,,,,,,,,,,,,,,,
DD-C,,0.0,2.0,,CL,,2.0,3.0,3.0,4.0,,,,,,,,,,,,,,,,,,,
DD-C,,2.0,4.0,,SC,,5.0,6.0,6.0,7.0,,,,,,,,,,,,,,,,,,,
DD-C,,4.0,6.0,,SC,,5.0,6.0,6.0,7.0,,,,,,,,,,,,,,,,,,,
DD-C,,6.0,8.0,,SC,,2.0,3.0,3.0,4.0,,,,,,,,,,,,,,,,,,,
DD-C,,8.0,10.0,,SP-SM,,7.0,8.0,8.0,9.0,,,,,,,,,,,,,,,,,,,
DD-C,,10.0,12.0,,SC,,0.0,1.0,1.0,2.0,,,,,,,,,,,,,,,,,,,
DD-C,,12.0,14.0,,SP-SM,,6.0,7.0,7.0,8.0,,,,,,,,,,,,,,,,,,,
DD-C,,14.0,16.0,,SP-SM,,10.0,11.0,11.0,12.0,,,,,,,,,,,,,,,,,,,
DD-C,,16.0,18.0,,SP-SM,,12.0,13.0,13.0,14.0,,,,,,,,,,,,,,,,,,,
DD-C,,18.0,20.0,,SP,,5.0,6.0,6.0,7.0,,,,,,,,,,,,,,,,,,,
DD-C,,20.0,22.0,,SP,,5.0,6.0,6.0,7.0,,,,,,,,,,,,,,,,,,,
DD-C,,22.0,24.0,,SP-SM,,6.0,7.0,7.0,8.0,,,,,,,,,,,,,,,,,,,
DD-C,,24.0,26.0,,SP-SM,,6.0,7.0,7.0,8.0,,,,,,,,,,,,,,,,,,,
DD-C,,26.0,28.0,,SM,,-1.0,0.0,0.0,1.0,,,,,,,,,,,,,,,,,,,
DD-C,,28.0,30.0,,SM,,1.0,2.0,2.0,3.0,,,,,,,,,,,,,,,,,,,
BERM-601,,0.0,2.0,,SM,,1.0,2.0,2.0,3.0,,,10.2,,,,,,,,,,,,,,,,
BERM-601,,2.0,4.0,,SM,,4.0,5.0,5.0,6.0,,,15.3,,,,,,,,,,,,,,,,
BERM-601,,4.0,6.0,,SM,,5.0,6.0,6.0,7.0,,,12.9,,,,,,,,,,,,,,,,
BERM-601,,6.0,8.0,,CL,,6.0,7.0,7.0,8.0,,,15.4,,13.0,21.0,8.0,57.4,,,,,,,,,,,
BERM-601,,8.0,10.0,,SC,,8.0,9.0,9.0,10.0,,,17.7,,,,,,,,,,,,,,,,
BERM-601,,10.0,12.0,,SC,,6.0,7.0,7.0,8.0,,,21.9,,,,,,,,,,,,,,,,
BERM-601,,13.0,15.0,,SM,,3.0,4.0,4.0,5.0,,,21.7,,,,,,,,,,,,,,,,
BERM-603,,0.0,2.0,,SC,,4.0,5.0,5.0,6.0,,,13.7,,,,,,,,,,,,,,,,
BERM-603,,2.0,4.0,,SP-SM,,34.0,35.0,35.0,36.0,,,9.4,,,,,,,,,,,,,,,,
BERM-603,,4.0,6.0,,SC,,6.0,7.0,7.0,8.0,,,20.2,,,,,,,,,,,,,,,,
BERM-603,,6.0,8.0,,SM,,7.0,8.0,8.0,9.0,,,19.7,,,,,,,,,,,,,,,,
BERM-603,,8.0,10.0,,SM,,7.0,8.0,8.0,9.0,,,20.2,,,,,,,,,,,,,,,,
BERM-603,,10.0,12.0,,CL,,1.0,2.0,2.0,3.0,,,30.9,,16.0,47.0,31.0,81.5,,,,,,,,,,,
BERM-603,,13.0,15.0,,SC,,-1.0,0.0,0.0,1.0,,,27.4,,,,,,,,,,,,,,,,
FB-606,,0.0,2.0,,SC,,4.0,5.0,5.0,6.0,,,14.7,,,,,,,,,,,,,,,,
FB-606,,2.0,4.0,,SC,,5.0,6.0,6.0,7.0,,,18.2,,,,,,,,,,,,,,,,
FB-606,,4.0,6.0,,SC,,9.0,10.0,10.0,11.0,,,13.6,,16.0,29.0,13.0,23.4,,,,,,,,,,,
FB-606,,6.0,8.0,,SM,,2.0,3.0,3.0,4.0,,,50.2,,,,,13.5,,,,,,,,,,,
FB-606,,8.0,10.0,,SM,,1.0,2.0,2.0,3.0,,,25.3,,,,,,,,,,,,,,,,
FB-606,,10.0,12.0,,SC,,-1.0,0.0,0.0,1.0,,,43.0,,,,,,,,,,,,,,,,
FB-606,,13.0,15.0,,SC,,-1.0,0.0,0.0,1.0,,,50.7,,,,,,,,,,,,,,,,
FB-606,,18.0,20.0,,SC,,-1.0,0.0,0.0,1.0,,,30.2,,,,,,,,,,,,,,,,
FB-606,,23.0,25.0,,SP-SM,,2.0,3.0,3.0,4.0,,,30.9,,,,,,,,,,,,,,,,
FB-606,,28.0,30.0,,SP-SM,,1.0,2.0,2.0,3.0,,,29.4,,,,,,,,,,,,,,,,
Berm-602,,0.0,2.0,,SC,,1.0,2.0,2.0,3.0,,,11.3,,,,,,,,,,,,,,,,
Berm-602,,2.0,4.0,,SC,,6.0,7.0,7.0,8.0,,,10.5,,,,,,,,,,,,,,,,
Berm-602,,4.0,6.0,,SC,,5.0,6.0,6.0,7.0,,,13.5,,,,,,,,,,,,,,,,
Berm-602,,6.0,8.0,,CL,,8.0,9.0,9.0,10.0,,,17.6,,12.0,24.0,12.0,78.6,,,,,,,,,,,
Berm-602,,8.0,10.0,,SM,,7.0,8.0,8.0,9.0,,,15.1,,,,,,,,,,,,,,,,
Berm-602,,10.0,12.0,,SM,,6.0,7.0,7.0,8.0,,,20.8,,,,,,,,,,,,,,,,
Berm-602,,13.0,15.0,,ML,,2.0,3.0,3.0,4.0,,,37.2,,,,,61.6,,,,,,,,,,,
FB-604,,0.0,2.0,,SC,,3.0,4.0,4.0,5.0,,,19.2,,,,,,,,,,,,,,,,
FB-604,,2.0,4.0,,SC,,7.0,8.0,8.0,9.0,,,21.5,,,,,,,,,,,,,,,,
FB-604,,4.0,6.0,,SM,,3.0,4.0,4.0,5.0,,,10.9,,,,,,,,,,,,,,,,
FB-604,,6.0,8.0,,SM,,2.0,3.0,3.0,4.0,,,25.0,,,,,,,,,,,,,,,,
FB-604,,8.0,10.0,,SM,,0.0,1.0,1.0,2.0,,,16.7,,,,,,,,,,,,,,,,
FB-604,,10.0,12.0,,SM,,0.0,1.0,1.0,2.0,,,19.0,,,,,,,,,,,,,,,,
FB-604,,13.0,15.0,,SM,,0.0,1.0,1.0,2.0,,,51.1,,,,,,,,,,,,,,,,
FB-604,,18.0,20.0,,SP-SM,,6.0,7.0,7.0,8.0,,,24.0,,,,,,,,,,,,,,,,
FB-604,,23.0,25.0,,SM,,1.0,2.0,2.0,3.0,,,47.4,,11.0,24.0,13.0,52.1,,,,,,,,,,,
FB-604,,28.0,30.0,,SP-SM,,5.0,6.0,6.0,7.0,,,24.8,,,,,,,,,,,,,,,,
FB-607,,0.0,2.0,,GM,,12.0,13.0,13.0,14.0,,,5.9,,,,,,,,,,,,,,,,
FB-607,,2.0,4.0,,SM,,24.0,25.0,25.0,26.0,,,27.7,,,,,,,,,,,,,,,,
FB-607,,4.0,6.0,,SP-SM,,10.0,11.0,11.0,12.0,,,13.2,,,,,,,,,,,,,,,,
FB-607,,6.0,8.0,,SC,,5.0,6.0,6.0,7.0,,,17.5,,,,,,,,,,,,,,,,
FB-607,,8.0,10.0,,SP-SM,,3.0,4.0,4.0,5.0,,,19.9,,,,,,,,,,,,,,,,
FB-607,,10.0,12.0,,SC,,-1.0,0.0,0.0,1.0,,,29.1,,,,,,,,,,,,,,,,
FB-607,,13.0,15.0,,SM,,0.0,1.0,1.0,2.0,,,33.5,,,,,,,,,,,,,,,,
FB-607,,18.0,20.0,,SM,,-1.0,0.0,0.0,1.0,,,35.2,,,,,,,,,,,,,,,,
FB-607,,23.0,25.0,,SP-SM,,2.0,3.0,3.0,4.0,,,25.9,,,,,17.9,,,,,,,,,,,
FB-607,,28.0,30.0,,SC,,0.0,1.0,1.0,2.0,,,40.7,,21.0,31.0,10.0,55.3,,,,,,,,,,,
FB-608,,0.0,2.0,,SC,,-1.0,0.0,0.0,1.0,,,,,,,,,,,,,,,,,,,
FB-608,,2.0,4.0,,SM,,6.0,7.0,7.0,8.0,,,10.1,,,,,,,,,,,,,,,,
FB-608,,4.0,6.0,,SM,,4.0,5.0,5.0,6.0,,,20.6,,,,,,,,,,,,,,,,
FB-608,,6.0,8.0,,SM,,3.0,4.0,4.0,5.0,,,21.6,,,,,,,,,,,,,,,,
FB-608,,8.0,10.0,,CH,,0.0,1.0,1.0,2.0,,,49.3,,18.0,33.0,15.0,92.9,,,,,,,,,,,
FB-608,,10.0,12.0,,SM,,-1.0,0.0,0.0,1.0,,,40.5,,,,,,,,,,,,,,,,
FB-608,,13.0,15.0,,SC,,-1.0,0.0,0.0,1.0,,,39.1,,,,,,,,,,,,,,,,
FB-608,,18.0,20.0,,SC,,0.0,1.0,1.0,2.0,,,34.6,,,,,,,,,,,,,,,,
FB-608,,23.0,25.0,,SP-SM,,6.0,7.0,7.0,8.0,,,10.5,,,,,,,,,,,,,,,,
FB-608,,28.0,30.0,,SP-SM,,3.0,4.0,4.0,5.0,,,34.9,,,,,,,,,,,,,,,,
DD-A,,17.0,22.0,,SP,,-1.0,0.0,0.0,1.0,,,,,,,,,,,,,,,,,,,
DD-B1,,15.0,20.0,,SW,,-1.0,0.0,0.0,1.0,,,,,,,,,,,,,,,,,,,
DD-B2,,24.5,29.5,,SP,,-1.0,0.0,0.0,1.0,,,,,,,,,,,,,,,,,,,
DD-C,,16.0,21.0,,SP,,-1.0,0.0,0.0,1.0,,,,,,,,,,,,,,,,,,,
DD-D,,25.0,30.0,,SM,,-1.0,0.0,0.0,1.0,,,,,,,,,,,,,,,,,,,
DD-E,,18.0,23.0,,SP,,-1.0,0.0,0.0,1.0,,,,,,,,,,,,,,,,,,,
S-2A,,0.0,2.0,,SC,,3.0,4.0,4.0,5.0,,,,,,,,,,,,,,,,,,,
S-2A,,2.0,4.0,,SC,,10.0,11.0,11.0,12.0,,,,,,,,,,,,,,,,,,,
S-2A,,4.0,6.0,,SP,,11.0,12.0,12.0,13.0,,,,,,,,,,,,,,,,,,,
S-2A,,6.0,8.0,,SC,,3.0,4.0,4.0,5.0,,,,,,,,,,,,,,,,,,,
S-2A,,8.0,10.0,,SP,,4.0,5.0,5.0,6.0,,,,,,,,,,,,,,,,,,,
S-2A,,10.0,12.0,,CL,,0.0,1.0,1.0,2.0,,,42.4,,17.0,47.0,30.0,89.0,,,,,,,,,,,
S-2A,,13.0,15.0,,CL,,-1.0,0.0,0.0,1.0,,,39.3,,15.0,43.0,28.0,90.0,,,,,,,,,,,
S-2A,,18.0,20.0,,SC,,1.0,2.0,2.0,3.0,,,,,,,,,,,,,,,,,,,
S-2A,,23.0,25.0,,SC,,6.0,7.0,7.0,8.0,,,,,,,,,,,,,,,,,,,
S-2A,,28.0,30.0,,SC,,0.0,1.0,1.0,2.0,,,,,,,,,,,,,,,,,,,
S-2A,,33.0,35.0,,CL,,-1.0,0.0,0.0,1.0,,,36.9,,15.0,41.0,26.0,71.0,,,,,,,,,,,
S-2A,,38.0,40.0,,CL,,-1.0,0.0,0.0,1.0,,,,,,,,,,,,,,,,,,,
S-2A,,43.0,45.0,,CL,,0.0,1.0,1.0,2.0,,,,,,,,,,,,,,,,,,,
S-2A,,48.0,50.0,,CL,,-1.0,0.0,0.0,1.0,,,,,,,,,,,,,,,,,,,
S-2A,,53.0,55.0,,CL,,-1.0,0.0,0.0,1.0,,,,,,,,,,,,,,,,,,,
S-2A,,58.0,60.0,,CL,,0.0,1.0,1.0,2.0,,,,,,,,,,,,,,,,,,,
S-2A,,63.0,65.0,,CL,,-1.0,0.0,0.0,1.0,,,,,,,,,,,,,,,,,,,
S-2A,,68.0,70.0,,CL,,-1.0,0.0,0.0,1.0,,,,,,,,,,,,,,,,,,,
S-2A,,73.0,75.0,,SC,,1.0,2.0,2.0,3.0,,,,,,,,,,,,,,,,,,,
S-2A,,78.0,80.0,,SC,,0.0,1.0,1.0,2.0,,,,,,,,,,,,,,,,,,,
S-2A,,83.0,85.0,,CL,,-1.0,0.0,0.0,1.0,,,,,,,,,,,,,,,,,,,
S-2A,,88.0,90.0,,SC,,2.0,3.0,3.0,4.0,,,,,,,,,,,,,,,,,,,
S-2A,,93.0,95.0,,SC,,1.0,2.0,2.0,3.0,,,,,,,,,,,,,,,,,,,
S-2A,,98.0,100.0,,CL,,-1.0,0.0,0.0,1.0,,,,,,,,,,,,,,,,,,,
S-2A,,103.0,105.0,,SP,,19.0,20.0,20.0,21.0,,,,,,,,,,,,,,,,,,,
S-2A,,108.0,110.0,,SP,,17.0,18.0,18.0,19.0,,,,,,,,,,,,,,,,,,,
S-2A,,113.0,115.0,,CL,,0.0,1.0,1.0,2.0,,,,,,,,,,,,,,,,,,,
S-2A,,118.0,120.0,,SC,,11.0,12.0,12.0,13.0,,,,,,,,,,,,,,,,,,,
S-2B,,0.0,2.0,,SC,,6.0,7.0,7.0,8.0,,,,,,,,,,,,,,,,,,,
S-2B,,2.0,4.0,,SC,,8.0,9.0,9.0,10.0,,,,,,,,,,,,,,,,,,,
S-2B,,4.0,6.0,,SC,,7.0,8.0,8.0,9.0,,,,,,,,,,,,,,,,,,,
S-2B,,6.0,8.0,,CL,,2.0,3.0,3.0,4.0,,,,,,,,,,,,,,,,,,,
S-2B,,8.0,10.0,,CH,,0.0,1.0,1.0,2.0,,,51.3,,24.0,63.0,39.0,87.0,,,,,,,,,,,
S-2B,,10.0,12.0,,CH,,-1.0,0.0,0.0,1.0,,,,,,,,,,,,,,,,,,,
S-2B,,13.0,15.0,,CH,,2.0,3.0,3.0,4.0,,,,,,,,,,,,,,,,,,,
S-2B,,18.0,20.0,,SC,,2.0,3.0,3.0,4.0,,,,,,,,,,,,,,,,,,,
S-2B,,23.0,25.0,,SC,,1.0,2.0,2.0,3.0,,,,,,,,,,,,,,,,,,,
S-2B,,28.0,30.0,,SC,,0.0,1.0,1.0,2.0,,,,,,,,,,,,,,,,,,,
S-2B,,33.0,35.0,,SC,,0.0,1.0,1.0,2.0,,,,,,,,,,,,,,,,,,,
S-2B,,38.0,40.0,,SC,,1.0,2.0,2.0,3.0,,,,,,,,,,,,,,,,,,,
S-2B,,43.0,45.0,,SC,,0.0,1.0,1.0,2.0,,,,,,,,,,,,,,,,,,,
S-2B,,48.0,50.0,,CL,,0.0,1.0,1.0,2.0,,,,,,,,,,,,,,,,,,,
S-2B,,53.0,55.0,,CL,,0.0,1.0,1.0,2.0,,,,,,,,,,,,,,,,,,,
S-2B,,58.0,60.0,,CL,,0.0,1.0,1.0,2.0,,,,,,,,,,,,,,,,,,,
S-2B,,63.0,65.0,,CL,,0.0,1.0,1.0,2.0,,,,,,,,,,,,,,,,,,,
S-2B,,68.0,70.0,,CL,,0.0,1.0,1.0,2.0,,,,,,,,,,,,,,,,,,,
S-2B,,73.0,75.0,,CL,,0.0,1.0,1.0,2.0,,,,,,,,,,,,,,,,,,,
S-2B,,78.0,80.0,,CL,,-1.0,0.0,0.0,1.0,,,,,,,,,,,,,,,,,,,
S-2B,,83.0,85.0,,CL,,0.0,1.0,1.0,2.0,,,,,,,,,,,,,,,,,,,
S-2B,,88.0,90.0,,CL,,1.0,2.0,2.0,3.0,,,,,,,,,,,,,,,,,,,
S-2B,,93.0,95.0,,CL,,1.0,2.0,2.0,3.0,,,,,,,,,,,,,,,,,,,
S-2B,,98.0,100.0,,CL,,6.0,7.0,7.0,8.0,,,,,,,,,,,,,,,,,,,
S-2B,,103.0,105.0,,CL,,1.0,2.0,2.0,3.0,,,,,,,,,,,,,,,,,,,
S-2B,,108.0,110.0,,CL,,2.0,3.0,3.0,4.0,,,,,,,,,,,,,,,,,,,
S-2B,,113.0,115.0,,CL,,2.0,3.0,3.0,4.0,,,,,,,,,,,,,,,,,,,
S-2B,,118.0,120.0,,CH,,3.0,4.0,4.0,5.0,,,53.8,,29.0,60.0,31.0,87.0,,,,,,,,,,,
S-3A,,0.0,2.0,,SC,,2.0,3.0,3.0,4.0,,,,,,,,,,,,,,,,,,,
S-3A,,2.0,4.0,,SC,,4.0,5.0,5.0,6.0,,,,,,,,,,,,,,,,,,,
S-3A,,4.0,6.0,,SC,,11.0,12.0,12.0,13.0,,,,,,,,,,,,,,,,,,,
S-3A,,6.0,8.0,,SP-SM,,1.0,2.0,2.0,3.0,,,,,,,,,,,,,,,,,,,
S-3A,,8.0,10.0,,CL,,0.0,1.0,1.0,2.0,,,,,,,,,,,,,,,,,,,
S-3A,,10.0,12.0,,CL,,0.0,1.0,1.0,2.0,,,37.2,,17.0,43.0,26.0,59.0,,,,,,,,,,,
S-3A,,13.0,15.0,,SC,,2.0,3.0,3.0,4.0,,,,,,,,,,,,,,,,,,,
S-3A,,18.0,20.0,,SC,,0.0,1.0,1.0,2.0,,,,,,,,,,,,,,,,,,,
S-3A,,23.0,25.0,,CH,,0.0,1.0,1.0,2.0,,,,,,,,,,,,,,,,,,,
S-3A,,28.0,30.0,,SP,,6.0,7.0,7.0,8.0,,,,,,,,,,,,,,,,,,,
S-3A,,33.0,35.0,,CH,,1.0,2.0,2.0,3.0,,,51.9,,16.0,55.0,39.0,65.0,,,,,,,,,,,
S-3A,,38.0,40.0,,CH,,0.0,1.0,1.0,2.0,,,,,,,,,,,,,,,,,,,
S-3A,,43.0,45.0,,CH,,0.0,1.0,1.0,2.0,,,,,,,,,,,,,,,,,,,
S-3A,,48.0,50.0,,CH,,0.0,1.0,1.0,2.0,,,,,,,,,,,,,,,,,,,
S-3A,,53.0,55.0,,CH,,-1.0,0.0,0.0,1.0,,,,,,,,,,,,,,,,,,,
S-3A,,58.0,60.0,,CL,,0.0,1.0,1.0,2.0,,,,,,,,,,,,,,,,,,,
S-3A,,63.0,65.0,,CL,,0.0,1.0,1.0,2.0,,,,,,,,,,,,,,,,,,,
S-3A,,68.0,70.0,,CL,,-1.0,0.0,0.0,1.0,,,,,,,,,,,,,,,,,,,
S-3A,,73.0,75.0,,CL,,-1.0,0.0,0.0,1.0,,,,,,,,,,,,,,,,,,,
S-3A,,78.0,80.0,,CL,,0.0,1.0,1.0,2.0,,,,,,,,,,,,,,,,,,,
S-3A,,83.0,85.0,,CL,,-1.0,0.0,0.0,1.0,,,,,,,,,,,,,,,,,,,
S-3A,,88.0,90.0,,CL,,0.0,1.0,1.0,2.0,,,,,,,,,,,,,,,,,,,
S-3A,,93.0,95.0,,CL,,0.0,1.0,1.0,2.0,,,,,,,,,,,,,,,,,,,
S-3A,,98.0,100.0,,CL,,-1.0,0.0,0.0,1.0,,,,,,,,,,,,,,,,,,,
S-3A,,103.0,105.0,,CL,,-1.0,0.0,0.0,1.0,,,,,,,,,,,,,,,,,,,
S-3A,,108.0,110.0,,CL,,-1.0,0.0,0.0,1.0,,,,,,,,,,,,,,,,,,,
S-3A,,113.0,115.0,,CL,,6.0,7.0,7.0,8.0,,,,,,,,,,,,,,,,,,,
S-3A,,118.0,120.0,,SP,,20.0,21.0,21.0,22.0,,,,,,,,,,,,,,,,,,,
S-3A,,123.0,125.0,,SP,,24.0,25.0,25.0,26.0,,,,,,,,,,,,,,,,,,,
S-3A,,128.0,130.0,,SC,,19.0,20.0,20.0,21.0,,,,,,,,,,,,,,,,,,,
S-3A,,133.0,135.0,,SC,,15.0,16.0,16.0,17.0,,,,,,,,,,,,,,,,,,,
S-3A,,53.0,55.5,,CH,,-1.0,0.0,0.0,1.0,,,49.1,,26.0,64.0,38.0,99.7,,,,,,,,,,,
S-4A,,0.0,2.0,,SC,,8.0,9.0,9.0,10.0,,,,,,,,,,,,,,,,,,,
S-4A,,2.0,4.0,,SC,,8.0,9.0,9.0,10.0,,,,,,,,,,,,,,,,,,,
S-4A,,4.0,6.0,,SC,,7.0,8.0,8.0,9.0,,,,,,,,,,,,,,,,,,,
S-4A,,6.0,8.0,,SP-SM,,2.0,3.0,3.0,4.0,,,,,,,,,,,,,,,,,,,
S-4A,,8.0,10.0,,CL,,0.0,1.0,1.0,2.0,,,36.2,,17.0,44.0,27.0,59.0,,,,,,,,,,,
S-4A,,10.0,12.0,,CL,,-1.0,0.0,0.0,1.0,,,,,,,,,,,,,,,,,,,
S-4A,,13.0,15.0,,CL,,-1.0,0.0,0.0,1.0,,,36.0,,18.0,47.0,29.0,74.0,,,,,,,,,,,
S-4A,,18.0,20.0,,SC,,0.0,1.0,1.0,2.0,,,,,,,,,,,,,,,,,,,
S-4A,,23.0,25.0,,SC,,2.0,3.0,3.0,4.0,,,,,,,,,,,,,,,,,,,
S-4A,,28.0,30.0,,SC,,2.0,3.0,3.0,4.0,,,,,,,,,,,,,,,,,,,
S-4A,,33.0,35.0,,SC,,2.0,3.0,3.0,4.0,,,,,,,,,,,,,,,,,,,
S-4A,,38.0,40.0,,SC,,1.0,2.0,2.0,3.0,,,,,,,,,,,,,,,,,,,
S-4A,,43.0,45.0,,SC,,2.0,3.0,3.0,4.0,,,,,,,,,,,,,,,,,,,
S-4A,,48.0,50.0,,SC,,0.0,1.0,1.0,2.0,,,,,,,,,,,,,,,,,,,
S-4A,,53.0,55.0,,CL,,0.0,1.0,1.0,2.0,,,,,,,,,,,,,,,,,,,
S-4A,,58.0,60.0,,CL,,0.0,1.0,1.0,2.0,,,,,,,,,,,,,,,,,,,
S-4A,,63.0,65.0,,CL,,0.0,1.0,1.0,2.0,,,,,,,,,,,,,,,,,,,
S-4A,,68.0,70.0,,CL,,0.0,1.0,1.0,2.0,,,,,,,,,,,,,,,,,,,
S-4A,,73.0,75.0,,CL,,0.0,1.0,1.0,2.0,,,,,,,,,,,,,,,,,,,
S-4A,,78.0,80.0,,SP-SM,,5.0,6.0,6.0,7.0,,,,,,,,,,,,,,,,,,,
S-4A,,83.0,85.0,,SC,,8.0,9.0,9.0,10.0,,,,,,,,,,,,,,,,,,,
S-4A,,88.0,90.0,,CL,,0.0,1.0,1.0,2.0,,,,,,,,,,,,,,,,,,,
S-4A,,93.0,95.0,,SC,,1.0,2.0,2.0,3.0,,,,,,,,,,,,,,,,,,,
S-4A,,98.0,100.0,,SC,,1.0,2.0,2.0,3.0,,,,,,,,,,,,,,,,,,,
S-4A,,103.0,105.0,,CL,,0.0,1.0,1.0,2.0,,,,,,,,,,,,,,,,,,,
S-4A,,108.0,110.0,,CL,,1.0,2.0,2.0,3.0,,,,,,,,,,,,,,,,,,,
S-4A,,113.0,115.0,,SC,,0.0,1.0,1.0,2.0,,,,,,,,,,,,,,,,,,,
S-4A,,118.0,120.0,,SM,,11.0,12.0,12.0,13.0,,,,,,,,,,,,,,,,,,,
C-301,,0.0,2.0,,SC,,10.0,11.0,11.0,12.0,,,10.8,,,,,,,,,,,,,,,,
C-301,,2.0,4.0,,CL,,5.0,6.0,6.0,7.0,,,23.9,,17.0,43.0,26.0,71.2,,,,,,,,,,,
C-301,,4.0,6.0,,CL,,3.0,4.0,4.0,5.0,,,23.0,,12.0,35.0,23.0,78.6,,,,,,,,,,,
C-301,,6.0,8.0,,CL,,2.0,3.0,3.0,4.0,,,27.8,,,,,,,,,,,,,,,,
C-301,,8.0,10.0,,SM,,5.0,6.0,6.0,7.0,,,13.4,,,,,,,,,,,,,,,,
C-301,,10.0,12.0,,SP-SM,,8.0,9.0,9.0,10.0,,,16.7,,,,,,,,,,,,,,,,
C-301,,13.0,15.0,,SP-SM,,9.0,10.0,10.0,11.0,,,19.0,,,,,,,,,,,,,,,,
C-301,,18.0,20.0,,SP-SM,,4.0,5.0,5.0,6.0,,,26.2,,,,,,,,,,,,,,,,
C-301,,23.0,25.0,,SM,,0.0,1.0,1.0,2.0,,,32.7,,,,,,,,,,,,,,,,
C-301,,28.0,30.0,,SM,,0.0,1.0,1.0,2.0,,,35.8,,,,,,,,,,,,,,,,
C-302,,0.0,2.0,,SC,,13.0,14.0,14.0,15.0,,,8.2,,,,,,,,,,,,,,,,
C-302,,2.0,4.0,,SP,,9.0,10.0,10.0,11.0,,,12.5,,,,,,,,,,,,,,,,
C-302,,4.0,6.0,,SC,,3.0,4.0,4.0,5.0,,,11.8,,,,,,,,,,,,,,,,
C-302,,6.0,8.0,,SC,,1.0,2.0,2.0,3.0,,,19.9,,,,,,,,,,,,,,,,
C-302,,8.0,10.0,,SC,,1.0,2.0,2.0,3.0,,,17.2,,,,,,,,,,,,,,,,
C-302,,10.0,12.0,,SP-SM,,1.0,2.0,2.0,3.0,,,21.2,,,,,,,,,,,,,,,,
C-302,,13.0,15.0,,CH,,-1.0,0.0,0.0,1.0,,,22.8,,13.0,36.0,23.0,77.9,,,,,,,,,,,
C-302,,18.0,20.0,,SP-SM,,2.0,3.0,3.0,4.0,,,21.9,,,,,,,,,,,,,,,,
C-302,,23.0,25.0,,SP-SM,,4.0,5.0,5.0,6.0,,,25.8,,,,,,,,,,,,,,,,
C-302,,28.0,30.0,,SC,,0.0,1.0,1.0,2.0,,,29.0,,15.0,24.0,9.0,19.3,,,,,,,,,,,
C-501,,0.0,2.0,,SM,,8.0,9.0,9.0,10.0,,,16.5,,,,,,,,,,,,,,,,
C-501,,2.0,4.0,,SM,,4.0,5.0,5.0,6.0,,,25.1,,,,,,,,,,,,,,,,
C-501,,4.0,6.0,,SC,,2.0,3.0,3.0,4.0,,,13.1,,11.0,20.0,9.0,52.7,,,,,,,,,,,
C-501,,6.0,8.0,,SC,,0.0,1.0,1.0,2.0,,,42.1,,,,,,,,,,,,,,,,
C-501,,8.0,10.0,,CH,,-1.0,0.0,0.0,1.0,,,35.1,,15.0,25.0,10.0,,,,,,,,,,,,
C-501,,10.0,12.0,,CL,,1.0,2.0,2.0,3.0,,,31.7,,,,,,,,,,,,,,,,
C-501,,13.0,15.0,,CH,,0.0,1.0,1.0,2.0,,,35.7,,,,,,,,,,,,,,,,
C-501,,18.0,20.0,,SC-SM,,5.0,6.0,6.0,7.0,,,22.7,,,,,,,,,,,,,,,,
C-501,,23.0,25.0,,SM,,5.0,6.0,6.0,7.0,,,24.7,,,,,,,,,,,,,,,,
C-501,,28.0,30.0,,CL,,0.0,1.0,1.0,2.0,,,45.4,,,,,,,,,,,,,,,,
C-501,,33.0,35.0,,SM,,0.0,1.0,1.0,2.0,,,29.3,,,,,,,,,,,,,,,,
C-501,,38.0,40.0,,SC,,-1.0,0.0,0.0,1.0,,,36.2,,15.0,25.0,10.0,42.7,,,,,,,,,,,
C-501,,43.0,45.0,,CH,,-1.0,0.0,0.0,1.0,,,38.9,,,,,,,,,,,,,,,,
C-501,,48.0,50.0,,CH,,-1.0,0.0,0.0,1.0,,,42.7,,,,,,,,,,,,,,,,
C-501,,53.0,55.0,,CH,,-1.0,0.0,0.0,1.0,,,46.0,,,,,,,,,,,,,,,,
C-501,,58.0,60.0,,CH,,-1.0,0.0,0.0,1.0,,,56.1,,,,,,,,,,,,,,,,
C-501,,63.0,65.0,,CH,,-1.0,0.0,0.0,1.0,,,57.9,,,,,,,,,,,,,,,,
C-501,,68.0,70.0,,CH,,0.0,1.0,1.0,2.0,,,60.3,,27.0,62.0,35.0,98.5,,,,,,,,,,,
C-501,,73.0,75.0,,SC,,2.0,3.0,3.0,4.0,,,47.3,,,,,,,,,,,,,,,,
FB-501,,0.0,2.0,,SM,,1.0,2.0,2.0,3.0,,,8.5,,,,,,,,,,,,,,,,
FB-501,,2.0,4.0,,SM,,4.0,5.0,5.0,6.0,,,17.0,,,,,,,,,,,,,,,,
FB-501,,4.0,6.0,,SM,,1.0,2.0,2.0,3.0,,,21.6,,,,,6.4,,,,,,,,,,,
FB-501,,6.0,8.0,,CL,,0.0,1.0,1.0,2.0,,,19.2,,,,,,,,,,,,,,,,
FB-501,,8.0,10.0,,CL,,-1.0,0.0,0.0,1.0,,,34.0,,17.0,26.0,9.0,58.0,,,,,,,,,,,
FB-501,,10.0,12.0,,SM,,2.0,3.0,3.0,4.0,,,34.5,,,,,,,,,,,,,,,,
FB-501,,13.0,15.0,,CH,,-1.0,0.0,0.0,1.0,,,48.6,,15.0,27.0,12.0,87.9,,,,,,,,,,,
FB-501,,18.0,20.0,,SP-SM,,3.0,4.0,4.0,5.0,,,23.7,,,,,,,,,,,,,,,,
FB-501,,23.0,25.0,,SP,,12.0,13.0,13.0,14.0,,,21.6,,,,,,,,,,,,,,,,
FB-501,,28.0,30.0,,SM,,0.0,1.0,1.0,2.0,,,56.6,,,,,,,,,,,,,,,,
FB-502,,0.0,2.0,,SM,,4.0,5.0,5.0,6.0,,,9.6,,,,,,,,,,,,,,,,
FB-502,,2.0,4.0,,SC,,3.0,4.0,4.0,5.0,,,20.4,,,,,,,,,,,,,,,,
FB-502,,4.0,6.0,,SC,,0.0,1.0,1.0,2.0,,,21.9,,,,,,,,,,,,,,,,
FB-502,,6.0,8.0,,SC,,0.0,1.0,1.0,2.0,,,21.2,,,,,,,,,,,,,,,,
FB-502,,8.0,10.0,,SP,,3.0,4.0,4.0,5.0,,,17.0,,,,,,,,,,,,,,,,
FB-502,,10.0,12.0,,SM,,5.0,6.0,6.0,7.0,,,19.9,,,,,,,,,,,,,,,,
FB-502,,13.0,15.0,,CL,,-1.0,0.0,0.0,1.0,,,45.0,,15.0,27.0,12.0,87.9,,,,,,,,,,,
FB-502,,18.0,20.0,,SC,,2.0,3.0,3.0,4.0,,,22.2,,,,,,,,,,,,,,,,
FB-502,,23.0,25.0,,SP-SM,,9.0,10.0,10.0,11.0,,,22.5,,,,,,,,,,,,,,,,
FB-502,,28.0,30.0,,CH,,0.0,1.0,1.0,2.0,,,44.0,,,,,,,,,,,,,,,,
FB-503,,0.0,2.0,,CL,,2.0,3.0,3.0,4.0,,,21.6,,,,,,,,,,,,,,,,
FB-503,,2.0,4.0,,CL,,1.0,2.0,2.0,3.0,,,24.0,,24.0,45.0,21.0,79.5,,,,,,,,,,,
FB-503,,4.0,6.0,,CH,,0.0,1.0,1.0,2.0,,,59.5,,29.0,73.0,44.0,84.6,,,,,,,,,,,
FB-503,,6.0,8.0,,CL,,-1.0,0.0,0.0,1.0,,,37.9,,,,,,,,,,,,,,,,
FB-503,,8.0,10.0,,SM,,3.0,4.0,4.0,5.0,,,29.5,,,,,,,,,,,,,,,,
FB-503,,10.0,12.0,,SM,,5.0,6.0,6.0,7.0,,,29.2,,,,,,,,,,,,,,,,
FB-503,,13.0,15.0,,CL,,0.0,1.0,1.0,2.0,,,42.5,,,,,,,,,,,,,,,,
FB-503,,18.0,20.0,,SM,,0.0,1.0,1.0,2.0,,,35.9,,,,,,,,,,,,,,,,
FB-503,,23.0,25.0,,CL,,0.0,1.0,1.0,2.0,,,27.3,,,,,,,,,,,,,,,,
FB-503,,28.0,30.0,,CL,,0.0,1.0,1.0,2.0,,,56.6,,,,,,,,,,,,,,,,
FB-504,,0.0,2.0,,SM,,2.0,3.0,3.0,4.0,,,5.8,,,,,,,,,,,,,,,,
FB-504,,2.0,4.0,,SM,,6.0,7.0,7.0,8.0,,,13.8,,,,,,,,,,,,,,,,
FB-504,,4.0,6.0,,SM,,8.0,9.0,9.0,10.0,,,10.6,,,,,,,,,,,,,,,,
FB-504,,6.0,8.0,,SM,,5.0,6.0,6.0,7.0,,,23.6,,,,,,,,,,,,,,,,
FB-504,,8.0,10.0,,SM,,3.0,4.0,4.0,5.0,,,25.3,,,,,,,,,,,,,,,,
FB-504,,10.0,12.0,,SP-SM,,2.0,3.0,3.0,4.0,,,21.5,,,,,,,,,,,,,,,,
FB-504,,13.0,15.0,,SC,,1.0,2.0,2.0,3.0,,,33.4,,,,,,,,,,,,,,,,
FB-504,,18.0,20.0,,CH,,-1.0,0.0,0.0,1.0,,,40.1,,,,,,,,,,,,,,,,
FB-504,,23.0,25.0,,SC,,1.0,2.0,2.0,3.0,,,28.6,,,,,19.4,,,,,,,,,,,
FB-504,,28.0,30.0,,CH,,1.0,2.0,2.0,3.0,,,59.3,,,,,,,,,,,,,,,,
FB-601,,0.0,2.0,,SM,,3.0,4.0,4.0,5.0,,,9.3,,,,,,,,,,,,,,,,
FB-601,,2.0,4.0,,SM,,8.0,9.0,9.0,10.0,,,12.7,,,,,,,,,,,,,,,,
FB-601,,4.0,6.0,,SM,,7.0,8.0,8.0,9.0,,,8.9,,,,,,,,,,,,,,,,
FB-601,,6.0,8.0,,SM,,3.0,4.0,4.0,5.0,,,14.8,,,,,31.2,,,,,,,,,,,
FB-601,,8.0,10.0,,SM,,0.0,1.0,1.0,2.0,,,22.6,,,,,,,,,,,,,,,,
FB-601,,10.0,12.0,,CL,,0.0,1.0,1.0,2.0,,,22.4,,,,,,,,,,,,,,,,
FB-601,,13.0,15.0,,SM,,-1.0,0.0,0.0,1.0,,,34.5,,,,,,,,,,,,,,,,
FB-601,,18.0,20.0,,SM,,0.0,1.0,1.0,2.0,,,34.5,,,,,,,,,,,,,,,,
FB-601,,23.0,25.0,,SM,,3.0,4.0,4.0,5.0,,,22.6,,,,,,,,,,,,,,,,
FB-601,,28.0,30.0,,SM,,3.0,4.0,4.0,5.0,,,27.8,,,,,,,,,,,,,,,,
FB-602,,0.0,2.0,,SM,,4.0,5.0,5.0,6.0,,,16.6,,,,,,,,,,,,,,,,
FB-602,,2.0,4.0,,SM,,13.0,14.0,14.0,15.0,,,7.5,,,,,,,,,,,,,,,,
FB-602,,4.0,6.0,,ML,,5.0,6.0,6.0,7.0,,,6.9,,,,,61.3,,,,,,,,,,,
FB-602,,6.0,8.0,,CL,,5.0,6.0,6.0,7.0,,,25.3,,15.0,24.0,9.0,60.4,,,,,,,,,,,
FB-602,,8.0,10.0,,CL,,1.0,2.0,2.0,3.0,,,32.8,,,,,,,,,,,,,,,,
FB-602,,10.0,12.0,,CL,,-1.0,0.0,0.0,1.0,,,44.2,,,,,,,,,,,,,,,,
FB-602,,13.0,15.0,,SM,,1.0,2.0,2.0,3.0,,,32.8,,,,,,,,,,,,,,,,
FB-602,,18.0,20.0,,SM,,0.0,1.0,1.0,2.0,,,35.3,,,,,,,,,,,,,,,,
FB-602,,23.0,25.0,,SM,,3.0,4.0,4.0,5.0,,,24.1,,,,,,,,,,,,,,,,
FB-602,,28.0,30.0,,SM,,2.0,3.0,3.0,4.0,,,40.8,,,,,,,,,,,,,,,,
PS-103,,0.0,2.0,,SP,,-1.0,0.0,0.0,1.0,,,104.8,,,,,,,,,,,,,,,,
PS-103,,2.0,4.0,,SP,,1.0,2.0,2.0,3.0,,,22.3,,,,,,,,,,,,,,,,
PS-103,,4.0,6.0,,SP-SM,,3.0,4.0,4.0,5.0,,,12.3,,,,,,,,,,,,,,,,
PS-103,,6.0,8.0,,SP-SM,,1.0,2.0,2.0,3.0,,,21.2,,,,,,,,,,,,,,,,
PS-103,,8.0,10.0,,SM,,1.0,2.0,2.0,3.0,,,22.9,,,,,,,,,,,,,,,,
PS-103,,10.0,12.0,,SM,,0.0,1.0,1.0,2.0,,,25.5,,,,,,,,,,,,,,,,
PS-103,,13.0,15.0,,SM,,0.0,1.0,1.0,2.0,,,30.3,,,,,,,,,,,,,,,,
PS-103,,18.0,20.0,,SM,,0.0,1.0,1.0,2.0,,,32.5,,,,,,,,,,,,,,,,
PS-103,,23.0,25.0,,SM,,-1.0,0.0,0.0,1.0,,,30.0,,,,,,,,,,,,,,,,
PS-103,,28.0,30.0,,CH,,-1.0,0.0,0.0,1.0,,,37.3,,21.0,41.0,20.0,63.6,,,,,,,,,,,
PS-103,,34.0,36.0,,CL,,0.0,1.0,1.0,2.0,,,25.9,,16.0,28.0,12.0,57.1,,,,,,,,,,,
PS-103,,38.0,40.0,,SM,,1.0,2.0,2.0,3.0,,,23.5,,,,,,,,,,,,,,,,
PS-103,,43.0,45.0,,SC,,1.0,2.0,2.0,3.0,,,23.6,,14.0,24.0,10.0,27.7,,,,,,,,,,,
PS-103,,48.0,50.0,,SP,,11.0,12.0,12.0,13.0,,,22.9,,,,,,,,,,,,,,,,
PS-103,,53.0,55.0,,SP,,17.0,18.0,18.0,19.0,,,16.9,,,,,,,,,,,,,,,,
PS-103,,58.0,60.0,,SP,,17.0,18.0,18.0,19.0,,,15.7,,,,,7.8,,,,,,,,,,,
PS-103,,63.0,65.0,,SP,,2.0,3.0,3.0,4.0,,,25.6,,,,,,,,,,,,,,,,
PS-103,,68.0,70.0,,SP,,3.0,4.0,4.0,5.0,,,28.8,,,,,,,,,,,,,,,,
PS-103,,73.0,75.0,,SM,,5.0,6.0,6.0,7.0,,,28.7,,0.0,0.0,0.0,19.7,,,,,,,,,,,
PS-103,,78.0,80.0,,SM,,7.0,8.0,8.0,9.0,,,23.6,,,,,,,,,,,,,,,,
PS-103,,83.0,85.0,,SM,,7.0,8.0,8.0,9.0,,,29.7,,,,,,,,,,,,,,,,
PS-103,,88.0,90.0,,SM,,8.0,9.0,9.0,10.0,,,27.1,,,,,,,,,,,,,,,,
PS-103,,93.0,95.0,,SM,,9.0,10.0,10.0,11.0,,,34.1,,,,,,,,,,,,,,,,
PS-103,,98.0,100.0,,SM,,9.0,10.0,10.0,11.0,,,23.0,,,,,,,,,,,,,,,,
FB-510,,0.0,2.0,,CL,,5.0,6.0,6.0,7.0,,,8.8,,,,,,,,,,,,,,,,
FB-510,,2.0,4.0,,SC,,3.0,4.0,4.0,5.0,,,9.9,,11.0,26.0,15.0,18.1,,,,,,,,,,,
FB-510,,4.0,6.0,,CH,,0.0,1.0,1.0,2.0,,,40.5,,,,,,,,,,,,,,,,
FB-510,,6.0,8.0,,SM,,0.0,1.0,1.0,2.0,,,23.5,,,,,22.6,,,,,,,,,,,
FB-510,,8.0,10.0,,CL,,0.0,1.0,1.0,2.0,,,31.7,,,,,,,,,,,,,,,,
FB-510,,10.0,12.0,,SM,,5.0,6.0,6.0,7.0,,,26.8,,,,,,,,,,,,,,,,
FB-510,,13.0,15.0,,CL,,0.0,1.0,1.0,2.0,,,46.6,,,,,,,,,,,,,,,,
FB-510,,18.0,20.0,,SM,,1.0,2.0,2.0,3.0,,,21.1,,,,,,,,,,,,,,,,
FB-510,,23.0,25.0,,SM,,6.0,7.0,7.0,8.0,,,17.9,,,,,,,,,,,,,,,,
FB-510,,28.0,30.0,,SM,,1.0,2.0,2.0,3.0,,,,,,,,,,,,,,,,,,,
FB-510,,30.0,32.0,,SM,,1.0,2.0,2.0,3.0,,,,,,,,,,,,,,,,,,,
CKW-104,,6.5,8.5,,SM,,-1.0,0.0,0.0,1.0,,,87.8,,,,,,,,,,,,,,,,
CKW-104,,8.5,10.5,,SC,,-1.0,0.0,0.0,1.0,,,18.7,,,,,,,,,,,,,,,,
CKW-104,,10.5,12.5,,SP-SM,,6.0,7.0,7.0,8.0,,,20.5,,,,,,,,,,,,,,,,
CKW-104,,12.5,14.5,,SP-SM,,0.0,1.0,1.0,2.0,,,26.3,,,,,,,,,,,,,,,,
CKW-104,,14.5,16.5,,SP-SM,,0.0,1.0,1.0,2.0,,,25.9,,,,,,,,,,,,,,,,
CKW-104,,16.5,18.5,,SP,,1.0,2.0,2.0,3.0,,,22.0,,,,,,,,,,,,,,,,
CKW-104,,19.5,21.5,,SM,,1.0,2.0,2.0,3.0,,,30.7,,,,,,,,,,,,,,,,
CKW-104,,24.5,26.5,,SM,,0.0,1.0,1.0,2.0,,,38.7,,,,,,,,,,,,,,,,
CKW-104,,29.5,31.5,,SM,,-1.0,0.0,0.0,1.0,,,32.0,,,,,,,,,,,,,,,,
CKW-104,,34.5,36.5,,CH,,-1.0,0.0,0.0,1.0,,,40.2,,,,,,,,,,,,,,,,
CKW-104,,36.5,38.5,,,,-1.0,0.0,0.0,1.0,,,,,,,,,,,,,,,,,,,
CKW-104,,38.5,40.5,,SC,,-1.0,0.0,0.0,1.0,,,27.2,,,,,,,,,,,,,,,,
CKW-104,,44.5,46.5,,SC,,-1.0,0.0,0.0,1.0,,,27.0,,,,,,,,,,,,,,,,
CKW-104,,46.5,48.5,,,,-1.0,0.0,0.0,1.0,,,,,,,,,,,,,,,,,,,
CKW-104,,49.5,51.5,,CL,,0.0,1.0,1.0,2.0,,,34.5,,12.0,24.0,12.0,76.6,,,,,,,,,,,
CKW-104,,54.5,56.5,,SM,,1.0,2.0,2.0,3.0,,,26.7,,,,,,,,,,,,,,,,
CKW-104,,59.5,61.5,,SP-SM,,5.0,6.0,6.0,7.0,,,22.3,,,,,15.8,,,,,,,,,,,
CKW-104,,64.5,66.5,,SP,,8.0,9.0,9.0,10.0,,,20.5,,,,,,,,,,,,,,,,
CKW-104,,69.5,71.5,,SP,,3.0,4.0,4.0,5.0,,,27.8,,,,,,,,,,,,,,,,
CKW-104,,74.5,76.5,,CL,,4.0,5.0,5.0,6.0,,,27.4,,,,,,,,,,,,,,,,
FB-401,,0.0,2.0,,CH,,-1.0,0.0,0.0,1.0,,,25.8,,,,,,,,,,,,,,,,
FB-401,,2.0,4.0,,CH,,4.0,5.0,5.0,6.0,,,27.4,,,,,,,,,,,,,,,,
FB-401,,4.0,6.0,,SM,,6.0,7.0,7.0,8.0,,,23.3,,,,,,,,,,,,,,,,
FB-401,,6.0,8.0,,SM,,4.0,5.0,5.0,6.0,,,21.5,,,,,,,,,,,,,,,,
FB-401,,8.0,10.0,,SM,,4.0,5.0,5.0,6.0,,,24.3,,,,,,,,,,,,,,,,
FB-401,,10.0,12.0,,SP-SM,,0.0,1.0,1.0,2.0,,,22.3,,,,,,,,,,,,,,,,
FB-401,,13.0,15.0,,CL,,-1.0,0.0,0.0,1.0,,,42.4,,22.0,47.0,25.0,67.5,,,,,,,,,,,
FB-401,,18.0,20.0,,CL,,-1.0,0.0,0.0,1.0,,,35.7,,,,,,,,,,,,,,,,
FB-401,,23.0,25.0,,CL,,2.0,3.0,3.0,4.0,,,26.6,,,,,,,,,,,,,,,,
FB-401,,28.0,30.0,,SM,,5.0,6.0,6.0,7.0,,,48.8,,,,,,,,,,,,,,,,
BMP-404,,0.0,2.0,,SC,,6.0,7.0,7.0,8.0,,,13.5,,,,,,,,,,,,,,,,
BMP-404,,2.0,4.0,,SC,,5.0,6.0,6.0,7.0,,,27.7,,,,,,,,,,,,,,,,
BMP-404,,4.0,6.0,,CL,,5.0,6.0,6.0,7.0,,,28.7,,,,,,,,,,,,,,,,
BMP-404,,6.0,8.0,,SC,,3.0,4.0,4.0,5.0,,,20.1,,,,,,,,,,,,,,,,
BMP-404,,8.0,10.0,,SC,,0.0,1.0,1.0,2.0,,,28.9,,,,,,,,,,,,,,,,
BMP-404,,10.0,12.0,,CH,,-1.0,0.0,0.0,1.0,,,43.3,,21.0,38.0,17.0,70.2,,,,,,,,,,,
BMP-404,,13.0,15.0,,CH,,-1.0,0.0,0.0,1.0,,,32.2,,,,,,,,,,,,,,,,
BMP-404,,18.0,20.0,,CH,,0.0,1.0,1.0,2.0,,,39.0,,,,,,,,,,,,,,,,
BMP-404,,23.0,25.0,,SC,,0.0,1.0,1.0,2.0,,,28.0,,,,,,,,,,,,,,,,
BMP-404,,28.0,30.0,,CH,,0.0,1.0,1.0,2.0,,,40.3,,,,,,,,,,,,,,,,
P-408,,0.0,2.0,,SM,,10.0,11.0,11.0,12.0,,,9.9,,,,,,,,,,,,,,,,
P-408,,2.0,4.0,,SM,,9.0,10.0,10.0,11.0,,,18.8,,16.0,29.0,13.0,75.6,,,,,,,,,,,
P-408,,4.0,6.0,,SM,,7.0,8.0,8.0,9.0,,,20.5,,,,,,,,,,,,,,,,
TG-501,,0.0,2.0,,SM,,1.0,2.0,2.0,3.0,,,18.8,,,,,,,,,,,,,,,,
TG-501,,2.0,4.0,,SM,,3.0,4.0,4.0,5.0,,,25.6,,,,,,,,,,,,,,,,
TG-501,,4.0,6.0,,SC,,2.0,3.0,3.0,4.0,,,16.5,,,,,,,,,,,,,,,,
TG-501,,6.0,8.0,,SM,,1.0,2.0,2.0,3.0,,,23.4,,,,,,,,,,,,,,,,
TG-501,,8.0,10.0,,SC,,3.0,4.0,4.0,5.0,,,42.9,,,,,,,,,,,,,,,,
TG-501,,10.0,12.0,,SM,,0.0,1.0,1.0,2.0,,,19.6,,,,,,,,,,,,,,,,
TG-501,,13.0,15.0,,SM,,2.0,3.0,3.0,4.0,,,29.7,,,,,,,,,,,,,,,,
TG-501,,18.0,20.0,,SC,,0.0,1.0,1.0,2.0,,,38.0,,,,,,,,,,,,,,,,
TG-501,,23.0,25.0,,SC,,0.0,1.0,1.0,2.0,,,21.5,,,,,,,,,,,,,,,,
TG-501,,28.0,30.0,,SC,,4.0,5.0,5.0,6.0,,,28.2,,,,,,,,,,,,,,,,
TG-501,,33.0,35.0,,CH,,1.0,2.0,2.0,3.0,,,96.7,,,,,,,,,,,,,,,,
TG-501,,38.0,40.0,,SC,,0.0,1.0,1.0,2.0,,,31.6,,,,,,,,,,,,,,,,
TG-501,,43.0,45.0,,SC,,0.0,1.0,1.0,2.0,,,33.6,,,,,,,,,,,,,,,,
TG-501,,48.0,50.0,,CH,,-1.0,0.0,0.0,1.0,,,38.9,,,,,,,,,,,,,,,,
TG-501,,53.0,55.0,,CH,,0.0,1.0,1.0,2.0,,,46.6,,,,,,,,,,,,,,,,
TG-501,,58.0,60.0,,CH,,0.0,1.0,1.0,2.0,,,45.9,,,,,,,,,,,,,,,,
TG-501,,63.0,65.0,,CH,,0.0,1.0,1.0,2.0,,,48.7,,32.0,76.0,44.0,98.2,,,,,,,,,,,
TG-501,,68.0,70.0,,CH,,0.0,1.0,1.0,2.0,,,56.9,,,,,,,,,,,,,,,,
TG-501,,73.0,75.0,,CH,,0.0,1.0,1.0,2.0,,,59.2,,,,,,,,,,,,,,,,
TG-501,,78.0,80.0,,CH,,0.0,1.0,1.0,2.0,,,60.1,,,,,,,,,,,,,,,,
TG-501,,83.0,85.0,,CH,,0.0,1.0,1.0,2.0,,,57.5,,26.0,66.0,40.0,70.8,,,,,,,,,,,
TG-501,,88.0,90.0,,CH,,0.0,1.0,1.0,2.0,,,61.4,,,,,,,,,,,,,,,,
TG-501,,93.0,95.0,,CH,,0.0,1.0,1.0,2.0,,,50.7,,,,,,,,,,,,,,,,
TG-501,,98.0,100.0,,CH,,0.0,1.0,1.0,2.0,,,,,,,,,,,,,,,,,,,
TG-501,,103.0,105.0,,CH,,0.0,1.0,1.0,2.0,,,50.5,,,,,,,,,,,,,,,,
TG-501,,108.0,110.0,,CH,,0.0,1.0,1.0,2.0,,,52.0,,,,,,,,,,,,,,,,
TG-501,,113.0,115.0,,SM,,8.0,9.0,9.0,10.0,,,22.4,,0.0,0.0,0.0,12.7,,,,,,,,,,,
TG-501,,118.0,120.0,,SM,,30.0,31.0,31.0,32.0,,,33.7,,,,,,,,,,,,,,,,
TG-501,,123.0,125.0,,SM,,23.0,24.0,24.0,25.0,,,26.2,,0.0,0.0,0.0,14.2,,,,,,,,,,,
FB-509,,0.0,2.0,,CL,,6.0,7.0,7.0,8.0,,,10.6,,,,,,,,,,,,,,,,
FB-509,,2.0,4.0,,CL,,8.0,9.0,9.0,10.0,,,19.2,,,,,,,,,,,,,,,,
FB-509,,4.0,6.0,,CH,,5.0,6.0,6.0,7.0,,,45.4,,,,,,,,,,,,,,,,
FB-509,,6.0,8.0,,CH,,0.0,1.0,1.0,2.0,,,45.2,,,,,,,,,,,,,,,,
FB-509,,8.0,10.0,,SM,,0.0,1.0,1.0,2.0,,,22.1,,,,,,,,,,,,,,,,
FB-509,,10.0,12.0,,CL,,3.0,4.0,4.0,5.0,,,32.7,,14.0,26.0,12.0,53.8,,,,,,,,,,,
FB-509,,13.0,15.0,,SM,,0.0,1.0,1.0,2.0,,,38.0,,,,,,,,,,,,,,,,
FB-509,,18.0,20.0,,SP-SM,,5.0,6.0,6.0,7.0,,,15.9,,,,,,,,,,,,,,,,
FB-509,,23.0,25.0,,SP-SM,,6.0,7.0,7.0,8.0,,,24.2,,,,,,,,,,,,,,,,
FB-509,,28.0,30.0,,SP-SM,,0.0,1.0,1.0,2.0,,,55.4,,,,,,,,,,,,,,,,
C-502,,0.0,2.0,,SC,,4.0,5.0,5.0,6.0,,,20.6,,,,,,,,,,,,,,,,
C-502,,2.0,4.0,,SC,,9.0,10.0,10.0,11.0,,,9.9,,,,,,,,,,,,,,,,
C-502,,4.0,6.0,,SM,,12.0,13.0,13.0,14.0,,,16.4,,0.0,0.0,0.0,13.2,,,,,,,,,,,
C-502,,6.0,8.0,,SC,,0.0,1.0,1.0,2.0,,,65.5,,,,,,,,,,,,,,,,
C-502,,8.0,10.0,,CL,,-1.0,0.0,0.0,1.0,,,78.3,,23.0,43.0,20.0,95.5,,,,,,,,,,,
C-502,,10.0,12.0,,CH,,-1.0,0.0,0.0,1.0,,,41.0,,,,,,,,,,,,,,,,
C-502,,13.0,15.0,,SC,,0.0,1.0,1.0,2.0,,,29.6,,,,,,,,,,,,,,,,
C-502,,18.0,20.0,,SM,,4.0,5.0,5.0,6.0,,,13.4,,0.0,0.0,0.0,12.5,,,,,,,,,,,
C-502,,23.0,25.0,,CH,,-1.0,0.0,0.0,1.0,,,65.2,,,,,,,,,,,,,,,,
C-502,,28.0,30.0,,CH,,3.0,4.0,4.0,5.0,,,53.1,,,,,,,,,,,,,,,,
C-502,,33.0,35.0,,CH,,0.0,1.0,1.0,2.0,,,53.7,,,,,,,,,,,,,,,,
C-502,,38.0,40.0,,SC,,-1.0,0.0,0.0,1.0,,,32.0,,,,,,,,,,,,,,,,
C-502,,43.0,45.0,,CL,,-1.0,0.0,0.0,1.0,,,41.1,,19.0,32.0,13.0,74.3,,,,,,,,,,,
C-502,,48.0,50.0,,CH,,-1.0,0.0,0.0,1.0,,,44.2,,,,,,,,,,,,,,,,
C-502,,53.0,55.0,,CH,,-1.0,0.0,0.0,1.0,,,49.0,,,,,,,,,,,,,,,,
C-502,,58.0,60.0,,CH,,-1.0,0.0,0.0,1.0,,,51.2,,,,,,,,,,,,,,,,
C-502,,63.0,65.0,,CH,,-1.0,0.0,0.0,1.0,,,63.4,,,,,,,,,,,,,,,,
C-502,,68.0,70.0,,CH,,-1.0,0.0,0.0,1.0,,,67.2,,,,,,,,,,,,,,,,
C-502,,73.0,75.0,,CH,,0.0,1.0,1.0,2.0,,,56.7,,,,,,,,,,,,,,,,
FB-605,,0.0,2.0,,SM,,4.0,5.0,5.0,6.0,,,16.5,,,,,,,,,,,,,,,,
FB-605,,2.0,4.0,,SM,,6.0,7.0,7.0,8.0,,,20.2,,,,,,,,,,,,,,,,
FB-605,,4.0,6.0,,SM,,12.0,13.0,13.0,14.0,,,23.1,,,,,,,,,,,,,,,,
FB-605,,6.0,8.0,,SM,,5.0,6.0,6.0,7.0,,,18.7,,,,,,,,,,,,,,,,
FB-605,,8.0,10.0,,SM,,1.0,2.0,2.0,3.0,,,25.6,,,,,,,,,,,,,,,,
FB-605,,10.0,12.0,,SC,,0.0,1.0,1.0,2.0,,,19.7,,0.0,0.0,0.0,16.5,,,,,,,,,,,
FB-605,,13.0,15.0,,SM,,4.0,5.0,5.0,6.0,,,24.3,,,,,,,,,,,,,,,,
FB-605,,18.0,20.0,,SM,,2.0,3.0,3.0,4.0,,,26.2,,,,,,,,,,,,,,,,
FB-605,,23.0,25.0,,SM,,4.0,5.0,5.0,6.0,,,23.9,,,,,,,,,,,,,,,,
FB-605,,28.0,30.0,,SM,,0.0,1.0,1.0,2.0,,,41.1,,,,,,,,,,,,,,,,
FB-603,,0.0,2.0,,CL,,4.0,5.0,5.0,6.0,,,16.6,,,,,,,,,,,,,,,,
FB-603,,2.0,4.0,,SC,,2.0,3.0,3.0,4.0,,,19.7,,,,,,,,,,,,,,,,
FB-603,,4.0,6.0,,SM,,0.0,1.0,1.0,2.0,,,43.0,,,,,,,,,,,,,,,,
FB-603,,6.0,8.0,,CL,,0.0,1.0,1.0,2.0,,,42.8,,,,,,,,,,,,,,,,
FB-603,,8.0,10.0,,SM,,0.0,1.0,1.0,2.0,,,33.6,,,,,,,,,,,,,,,,
FB-603,,10.0,12.0,,CH,,3.0,4.0,4.0,5.0,,,31.0,,,,,,,,,,,,,,,,
FB-603,,13.0,15.0,,CL,,0.0,1.0,1.0,2.0,,,41.0,,19.0,35.0,16.0,84.8,,,,,,,,,,,
FB-603,,18.0,20.0,,SM,,1.0,2.0,2.0,3.0,,,25.7,,,,,,,,,,,,,,,,
FB-603,,23.0,25.0,,SM,,0.0,1.0,1.0,2.0,,,33.4,,,,,,,,,,,,,,,,
FB-603,,28.0,30.0,,SC,,0.0,1.0,1.0,2.0,,,49.8,,,,,,,,,,,,,,,,
TG-702,,0.0,2.0,,SC,,13.0,14.0,14.0,15.0,,,6.3,,,,,,,,,,,,,,,,
TG-702,,2.0,4.0,,SC,,11.0,12.0,12.0,13.0,,,9.3,,,,,,,,,,,,,,,,
TG-702,,4.0,6.0,,SC,,8.0,9.0,9.0,10.0,,,8.1,,,,,,,,,,,,,,,,
TG-702,,6.0,8.0,,SC,,1.0,2.0,2.0,3.0,,,11.6,,,,,,,,,,,,,,,,
TG-702,,8.0,10.0,,CH,,-1.0,0.0,0.0,1.0,,,50.9,,,,,,,,,,,,,,,,
TG-702,,10.0,12.0,,CH,,-1.0,0.0,0.0,1.0,,,45.9,,,,,,,,,,,,,,,,
TG-702,,13.0,15.0,,CH,,8.0,9.0,9.0,10.0,,,43.0,,,,,,,,,,,,,,,,
TG-702,,15.0,17.0,,CH,,-1.0,0.0,0.0,1.0,,,,,,,,,,,,,,,,,,,
TG-702,,17.0,19.0,,SP-SM,,6.0,7.0,7.0,8.0,,,39.6,,,,,,,,,,,,,,,,
TG-702,,23.0,25.0,,SP-SM,,1.0,2.0,2.0,3.0,,,25.5,,,,,,,,,,,,,,,,
TG-702,,28.0,30.0,,SP-SM,,3.0,4.0,4.0,5.0,,,32.4,,,,,,,,,,,,,,,,
TG-702,,33.0,35.0,,SP-SM,,1.0,2.0,2.0,3.0,,,28.0,,,,,,,,,,,,,,,,
TG-702,,38.0,40.0,,SP-SM,,0.0,1.0,1.0,2.0,,,41.6,,,,,,,,,,,,,,,,
TG-702,,43.0,45.0,,CH,,0.0,1.0,1.0,2.0,,,32.5,,,,,,,,,,,,,,,,
TG-702,,48.0,50.0,,CH,,0.0,1.0,1.0,2.0,,,39.4,,,,,,,,,,,,,,,,
TG-702,,53.0,55.0,,CL,,5.0,6.0,6.0,7.0,,,42.0,,23.0,36.0,13.0,90.0,,,,,,,,,,,
TG-702,,58.0,60.0,,CH,,0.0,1.0,1.0,2.0,,,42.4,,,,,,,,,,,,,,,,
TG-702,,63.0,65.0,,CH,,0.0,1.0,1.0,2.0,,,46.5,,,,,,,,,,,,,,,,
TG-702,,68.0,70.0,,CH,,1.0,2.0,2.0,3.0,,,61.2,,,,,,,,,,,,,,,,
TG-702,,73.0,75.0,,CH,,1.0,2.0,2.0,3.0,,,60.0,,,,,,,,,,,,,,,,
TG-702,,78.0,80.0,,SP-SM,,0.0,1.0,1.0,2.0,,,59.1,,,,,,,,,,,,,,,,
TG-702,,83.0,85.0,,SP-SM,,8.0,9.0,9.0,10.0,,,27.2,,,,,14.3,,,,,,,,,,,
TG-702,,88.0,90.0,,CH,,8.0,9.0,9.0,10.0,,,29.6,,,,,,,,,,,,,,,,
TG-702,,93.0,95.0,,SM,,1.0,2.0,2.0,3.0,,,51.7,,,,,,,,,,,,,,,,
TG-702,,98.0,100.0,,CL,,2.0,3.0,3.0,4.0,,,47.8,,23.0,35.0,12.0,74.9,,,,,,,,,,,
TG-702,,103.0,105.0,,CH,,3.0,4.0,4.0,5.0,,,41.6,,,,,,,,,,,,,,,,
TG-702,,108.0,110.0,,CH,,5.0,6.0,6.0,7.0,,,42.3,,15.0,28.0,13.0,67.1,,,,,,,,,,,
TG-702,,113.0,115.0,,SC,,2.0,3.0,3.0,4.0,,,45.7,,,,,,,,,,,,,,,,
TG-702,,118.0,120.0,,SM,,1.0,2.0,2.0,3.0,,,36.7,,,,,,,,,,,,,,,,
TG-702,,123.0,125.0,,SM,,3.0,4.0,4.0,5.0,,,23.3,,,,,,,,,,,,,,,,
TG-701,,0.0,2.0,,SM,,6.0,7.0,7.0,8.0,,,7.2,,,,,,,,,,,,,,,,
TG-701,,2.0,4.0,,SC,,10.0,11.0,11.0,12.0,,,8.9,,,,,,,,,,,,,,,,
TG-701,,4.0,6.0,,SM,,7.0,8.0,8.0,9.0,,,8.1,,,,,,,,,,,,,,,,
TG-701,,6.0,8.0,,SP-SM,,3.0,4.0,4.0,5.0,,,17.9,,,,,,,,,,,,,,,,
TG-701,,8.0,10.0,,SC,,0.0,1.0,1.0,2.0,,,42.0,,,,,,,,,,,,,,,,
TG-701,,10.0,12.0,,SC,,-1.0,0.0,0.0,1.0,,,31.3,,,,,,,,,,,,,,,,
TG-701,,13.0,15.0,,SC,,5.0,6.0,6.0,7.0,,,29.7,,,,,,,,,,,,,,,,
TG-701,,18.0,20.0,,CH,,5.0,6.0,6.0,7.0,,,60.1,,,,,,,,,,,,,,,,
TG-701,,23.0,25.0,,SM,,1.0,2.0,2.0,3.0,,,26.3,,,,,,,,,,,,,,,,
TG-701,,28.0,30.0,,SM,,3.0,4.0,4.0,5.0,,,27.8,,,,,,,,,,,,,,,,
TG-701,,33.0,35.0,,SM,,3.0,4.0,4.0,5.0,,,24.1,,,,,,,,,,,,,,,,
TG-701,,38.0,40.0,,SM,,0.0,1.0,1.0,2.0,,,33.4,,,,,,,,,,,,,,,,
TG-701,,43.0,45.0,,SM,,0.0,1.0,1.0,2.0,,,29.6,,,,,,,,,,,,,,,,
TG-701,,48.0,50.0,,CH,,-1.0,0.0,0.0,1.0,,,40.4,,17.0,30.0,13.0,60.3,,,,,,,,,,,
TG-701,,53.0,55.0,,CH,,8.0,9.0,9.0,10.0,,,42.4,,,,,,,,,,,,,,,,
TG-701,,55.0,57.0,,CL,,-1.0,0.0,0.0,1.0,,,37.7,,20.0,39.0,19.0,88.7,,,,,,,,,,,
TG-701,,57.0,59.0,,CH,,6.0,7.0,7.0,8.0,,,40.2,,,,,,,,,,,,,,,,
TG-701,,63.0,65.0,,CH,,-1.0,0.0,0.0,1.0,,,57.4,,,,,,,,,,,,,,,,
TG-701,,68.0,70.0,,CH,,0.0,1.0,1.0,2.0,,,59.7,,,,,,,,,,,,,,,,
TG-701,,73.0,75.0,,CH,,0.0,1.0,1.0,2.0,,,61.4,,,,,,,,,,,,,,,,
TG-701,,78.0,80.0,,SC,,2.0,3.0,3.0,4.0,,,48.9,,13.0,26.0,13.0,67.7,,,,,,,,,,,
TG-701,,83.0,85.0,,SC,,4.0,5.0,5.0,6.0,,,55.4,,,,,,,,,,,,,,,,
TG-701,,88.0,90.0,,CL,,1.0,2.0,2.0,3.0,,,53.0,,22.0,46.0,24.0,84.8,,,,,,,,,,,
TG-701,,93.0,95.0,,SC,,0.0,1.0,1.0,2.0,,,46.9,,,,,,,,,,,,,,,,
TG-701,,98.0,100.0,,SC,,0.0,1.0,1.0,2.0,,,49.6,,,,,,,,,,,,,,,,
TG-701,,103.0,105.0,,CH,,0.0,1.0,1.0,2.0,,,56.8,,,,,,,,,,,,,,,,
TG-701,,108.0,110.0,,CH,,0.0,1.0,1.0,2.0,,,47.4,,,,,,,,,,,,,,,,
TG-701,,113.0,115.0,,SC,,5.0,6.0,6.0,7.0,,,44.9,,,,,,,,,,,,,,,,
TG-701,,118.0,120.0,,CL,,2.0,3.0,3.0,4.0,,,39.9,,14.0,29.0,15.0,81.1,,,,,,,,,,,
TG-701,,123.0,125.0,,SP-SM,,32.0,33.0,33.0,34.0,,,17.8,,,,,11.6,,,,,,,,,,,
TG-403,,0.0,2.0,,SC,,3.0,4.0,4.0,5.0,,,9.7,,,,,,,,,,,,,,,,
TG-403,,2.0,4.0,,CH,,7.0,8.0,8.0,9.0,,,19.2,,,,,,,,,,,,,,,,
TG-403,,4.0,6.0,,SM,,9.0,10.0,10.0,11.0,,,13.4,,,,,,,,,,,,,,,,
TG-403,,6.0,8.0,,SM,,5.0,6.0,6.0,7.0,,,16.2,,,,,,,,,,,,,,,,
TG-403,,8.0,10.0,,CL,,1.0,2.0,2.0,3.0,,,18.9,,,,,,,,,,,,,,,,
TG-403,,10.0,12.0,,SP-SM,,0.0,1.0,1.0,2.0,,,21.2,,,,,,,,,,,,,,,,
TG-403,,13.0,15.0,,CL,,0.0,1.0,1.0,2.0,,,36.9,,,,,,,,,,,,,,,,
TG-403,,18.0,20.0,,CL,,1.0,2.0,2.0,3.0,,,36.6,,,,,,,,,,,,,,,,
TG-403,,23.0,25.0,,SP-SM,,7.0,8.0,8.0,9.0,,,23.9,,,,,,,,,,,,,,,,
TG-403,,28.0,30.0,,SM,,0.0,1.0,1.0,2.0,,,25.2,,,,,,,,,,,,,,,,
TG-403,,33.0,35.0,,SM,,0.0,1.0,1.0,2.0,,,33.5,,,,,,,,,,,,,,,,
TG-403,,38.0,40.0,,SM,,0.0,1.0,1.0,2.0,,,39.0,,,,,,,,,,,,,,,,
TG-403,,43.0,45.0,,SM,,0.0,1.0,1.0,2.0,,,29.3,,,,,,,,,,,,,,,,
TG-403,,48.0,50.0,,SM,,0.0,1.0,1.0,2.0,,,29.6,,,,,,,,,,,,,,,,
TG-403,,53.0,55.0,,CL,,0.0,1.0,1.0,2.0,,,39.0,,20.0,33.0,12.0,92.7,,,,,,,,,,,
TG-403,,58.0,60.0,,SC,,0.0,1.0,1.0,2.0,,,39.1,,,,,,,,,,,,,,,,
TG-403,,63.0,65.0,,CL,,-1.0,0.0,0.0,1.0,,,36.9,,16.0,26.0,10.0,88.6,,,,,,,,,,,
TG-403,,68.0,70.0,,CH,,1.0,2.0,2.0,3.0,,,35.7,,,,,,,,,,,,,,,,
TG-403,,73.0,75.0,,SC,,2.0,3.0,3.0,4.0,,,31.4,,17.0,31.0,14.0,44.2,,,,,,,,,,,
TG-403,,78.0,80.0,,SC-SM,,0.0,1.0,1.0,2.0,,,38.8,,,,,,,,,,,,,,,,
TG-403,,83.0,85.0,,CH,,-1.0,0.0,0.0,1.0,,,64.4,,,,,,,,,,,,,,,,
TG-403,,88.0,90.0,,SC,,4.0,5.0,5.0,6.0,,,39.0,,15.0,34.0,19.0,38.9,,,,,,,,,,,
TG-403,,93.0,95.0,,SC,,2.0,3.0,3.0,4.0,,,51.8,,,,,,,,,,,,,,,,
TG-403,,98.0,100.0,,SC,,0.0,1.0,1.0,2.0,,,31.6,,,,,,,,,,,,,,,,
TG-403,,103.0,105.0,,SP,,19.0,20.0,20.0,21.0,,,22.6,,,,,,,,,,,,,,,,
TG-403,,108.0,110.0,,SC,,8.0,9.0,9.0,10.0,,,30.6,,15.0,23.0,8.0,30.4,,,,,,,,,,,
TG-403,,113.0,115.0,,SP,,15.0,16.0,16.0,17.0,,,20.4,,,,,,,,,,,,,,,,
TG-403,,118.0,120.0,,SP,,14.0,15.0,15.0,16.0,,,44.4,,,,,,,,,,,,,,,,
TG-403,,123.0,125.0,,SP-SM,,15.0,16.0,16.0,17.0,,,17.9,,0.0,0.0,0.0,10.4,,,,,,,,,,,
FB-402,,0.0,2.0,,SC-SM,,6.0,7.0,7.0,8.0,,,,,,,,,,,,,,,,,,,
FB-402,,2.0,4.0,,SM,,1.0,2.0,2.0,3.0,,,18.0,,,,,,,,,,,,,,,,
FB-402,,4.0,6.0,,SM,,3.0,4.0,4.0,5.0,,,12.1,,,,,,,,,,,,,,,,
FB-402,,6.0,8.0,,SM,,2.0,3.0,3.0,4.0,,,21.6,,,,,,,,,,,,,,,,
FB-402,,8.0,10.0,,SC,,0.0,1.0,1.0,2.0,,,21.3,,,,,,,,,,,,,,,,
FB-402,,10.0,12.0,,SC,,-1.0,0.0,0.0,1.0,,,13.9,,,,,,,,,,,,,,,,
FB-402,,13.0,15.0,,CL,,-1.0,0.0,0.0,1.0,,,40.2,,,,,,,,,,,,,,,,
FB-402,,18.0,20.0,,SC,,1.0,2.0,2.0,3.0,,,32.0,,,,,,,,,,,,,,,,
FB-402,,23.0,25.0,,SC,,2.0,3.0,3.0,4.0,,,22.6,,,,,,,,,,,,,,,,
FB-402,,28.0,30.0,,SC-SM,,0.0,1.0,1.0,2.0,,,30.9,,16.0,22.0,6.0,,,,,,,,,,,,
BMP-402,,0.0,2.0,,CL,,5.0,6.0,6.0,7.0,,,15.9,,,,,,,,,,,,,,,,
BMP-402,,2.0,4.0,,CH,,4.0,5.0,5.0,6.0,,,23.0,,,,,,,,,,,,,,,,
BMP-402,,4.0,6.0,,SC,,5.0,6.0,6.0,7.0,,,17004.0,,,,,,,,,,,,,,,,
BMP-402,,6.0,8.0,,SP-SM,,6.0,7.0,7.0,8.0,,,20.1,,,,,,,,,,,,,,,,
BMP-402,,8.0,10.0,,CH,,-1.0,0.0,0.0,1.0,,,60.1,,,,,,,,,,,,,,,,
BMP-402,,10.0,12.0,,CH,,-1.0,0.0,0.0,1.0,,,48.4,,,,,,,,,,,,,,,,
BMP-402,,13.0,15.0,,ML,,0.0,1.0,1.0,2.0,,,46.2,,,,,91.3,,,,,,,,,,,
BMP-402,,18.0,20.0,,SM,,1.0,2.0,2.0,3.0,,,30.9,,,,,,,,,,,,,,,,
BMP-402,,23.0,25.0,,SP-SM,,1.0,2.0,2.0,3.0,,,23.5,,,,,,,,,,,,,,,,
BMP-402,,28.0,30.0,,SP-SM,,4.0,5.0,5.0,6.0,,,25.9,,,,,,,,,,,,,,,,
BMP-403,,0.0,2.0,,CL,,1.0,2.0,2.0,3.0,,,21.6,,,,,,,,,,,,,,,,
BMP-403,,2.0,4.0,,CH,,2.0,3.0,3.0,4.0,,,24.2,,,,,,,,,,,,,,,,
BMP-403,,4.0,6.0,,SC,,1.0,2.0,2.0,3.0,,,21.0,,,,,,,,,,,,,,,,
BMP-403,,6.0,8.0,,SC,,2.0,3.0,3.0,4.0,,,22.8,,,,,,,,,,,,,,,,
BMP-403,,8.0,10.0,,SM,,1.0,2.0,2.0,3.0,,,26.9,,,,,,,,,,,,,,,,
BMP-403,,10.0,12.0,,CL,,-1.0,0.0,0.0,1.0,,,44.7,,,,,,,,,,,,,,,,
BMP-403,,13.0,15.0,,ML,,-1.0,0.0,0.0,1.0,,,44.7,,,,,76.6,,,,,,,,,,,
TG-502,,0.0,2.0,,SC,,1.0,2.0,2.0,3.0,,,11.3,,,,,,,,,,,,,,,,
TG-502,,2.0,4.0,,SC,,2.0,3.0,3.0,4.0,,,13.0,,,,,,,,,,,,,,,,
TG-502,,4.0,6.0,,CL,,3.0,4.0,4.0,5.0,,,19.8,,,,,,,,,,,,,,,,
TG-502,,6.0,8.0,,CL,,3.0,4.0,4.0,5.0,,,22.9,,,,,,,,,,,,,,,,
TG-502,,8.0,10.0,,CH,,1.0,2.0,2.0,3.0,,,48.9,,,,,,,,,,,,,,,,
TG-502,,10.0,12.0,,CH,,-1.0,0.0,0.0,1.0,,,31.1,,,,,,,,,,,,,,,,
TG-502,,13.0,15.0,,SM,,2.0,3.0,3.0,4.0,,,34.3,,,,,,,,,,,,,,,,
TG-502,,18.0,20.0,,CL,,0.0,1.0,1.0,2.0,,,36.4,,19.0,27.0,8.0,80.8,,,,,,,,,,,
TG-502,,23.0,25.0,,SM,,0.0,1.0,1.0,2.0,,,34.9,,,,,,,,,,,,,,,,
TG-502,,28.0,30.0,,SM,,6.0,7.0,7.0,8.0,,,23.6,,,,,,,,,,,,,,,,
TG-502,,33.0,35.0,,CH,,0.0,1.0,1.0,2.0,,,39.5,,,,,,,,,,,,,,,,
TG-502,,38.0,40.0,,SC-SM,,-1.0,0.0,0.0,1.0,,,32.5,,16.0,23.0,7.0,39.4,,,,,,,,,,,
TG-502,,43.0,45.0,,CH,,-1.0,0.0,0.0,1.0,,,36.6,,,,,,,,,,,,,,,,
TG-502,,45.0,47.0,,CL-ML,,-1.0,0.0,0.0,1.0,,,,,21.0,26.0,5.0,85.8,,,,,,,,,,,
TG-502,,48.0,50.0,,CH,,-1.0,0.0,0.0,1.0,,,36.9,,,,,,,,,,,,,,,,
TG-502,,53.0,55.0,,CH,,0.0,1.0,1.0,2.0,,,40.1,,,,,,,,,,,,,,,,
TG-502,,58.0,60.0,,CL,,0.0,1.0,1.0,2.0,,,48.0,,22.0,37.0,15.0,91.2,,,,,,,,,,,
TG-502,,63.0,65.0,,CH,,-1.0,0.0,0.0,1.0,,,53.7,,,,,,,,,,,,,,,,
TG-502,,68.0,70.0,,CH,,-1.0,0.0,0.0,1.0,,,47.3,,,,,,,,,,,,,,,,
TG-502,,73.0,75.0,,CH,,0.0,1.0,1.0,2.0,,,58.8,,,,,,,,,,,,,,,,
TG-502,,78.0,80.0,,CH,,0.0,1.0,1.0,2.0,,,37.4,,,,,,,,,,,,,,,,
TG-502,,83.0,85.0,,CH,,-1.0,0.0,0.0,1.0,,,58.0,,,,,,,,,,,,,,,,
TG-502,,88.0,90.0,,CH,,-1.0,0.0,0.0,1.0,,,55.3,,,,,,,,,,,,,,,,
TG-502,,93.0,95.0,,CH,,0.0,1.0,1.0,2.0,,,56.5,,,,,,,,,,,,,,,,
TG-502,,98.0,100.0,,CH,,0.0,1.0,1.0,2.0,,,63.1,,27.0,50.0,23.0,98.7,,,,,,,,,,,
TG-502,,103.0,105.0,,CH,,0.0,1.0,1.0,2.0,,,61.0,,,,,,,,,,,,,,,,
TG-502,,108.0,110.0,,CH,,0.0,1.0,1.0,2.0,,,62.0,,,,,,,,,,,,,,,,
TG-502,,113.0,115.0,,SC-SM,,4.0,5.0,5.0,6.0,,,41.4,,16.0,23.0,7.0,34.6,,,,,,,,,,,
TG-502,,118.0,120.0,,SP-SM,,29.0,30.0,30.0,31.0,,,16.9,,,,,,,,,,,,,,,,
TG-502,,123.0,125.0,,SP-SM,,22.0,23.0,23.0,24.0,,,22.8,,,,,,,,,,,,,,,,
RW-403,,0.0,2.0,,SC,,2.0,3.0,3.0,4.0,,,12.3,,,,,,,,,,,,,,,,
RW-403,,2.0,4.0,,SM,,2.0,3.0,3.0,4.0,,,18.2,,,,,,,,,,,,,,,,
RW-403,,4.0,6.0,,CL,,1.0,2.0,2.0,3.0,,,20.6,,,,,,,,,,,,,,,,
RW-403,,6.0,8.0,,CL,,2.0,3.0,3.0,4.0,,,28.4,,,,,,,,,,,,,,,,
RW-403,,8.0,10.0,,SM,,0.0,1.0,1.0,2.0,,,20.2,,,,,,,,,,,,,,,,
RW-403,,10.0,12.0,,SC,,0.0,1.0,1.0,2.0,,,33.2,,,,,,,,,,,,,,,,
RW-403,,13.0,15.0,,CL,,0.0,1.0,1.0,2.0,,,33.5,,,,,,,,,,,,,,,,
RW-403,,18.0,20.0,,SM,,1.0,2.0,2.0,3.0,,,27.5,,,,,,,,,,,,,,,,
RW-403,,23.0,25.0,,CL,,0.0,1.0,1.0,2.0,,,48.1,,,,,,,,,,,,,,,,
RW-403,,28.0,30.0,,SC,,1.0,2.0,2.0,3.0,,,30.0,,15.0,23.0,8.0,28.2,,,,,,,,,,,
FB-508,,0.0,2.0,,CL,,4.0,5.0,5.0,6.0,,,12.4,,,,,,,,,,,,,,,,
FB-508,,2.0,4.0,,CL,,6.0,7.0,7.0,8.0,,,9.6,,,,,,,,,,,,,,,,
FB-508,,4.0,6.0,,SM,,6.0,7.0,7.0,8.0,,,18.2,,,,,,,,,,,,,,,,
FB-508,,6.0,8.0,,CH,,0.0,1.0,1.0,2.0,,,51.5,,,,,,,,,,,,,,,,
FB-508,,8.0,10.0,,CH,,0.0,1.0,1.0,2.0,,,18.8,,,,,,,,,,,,,,,,
FB-508,,10.0,12.0,,CH,,1.0,2.0,2.0,3.0,,,26.6,,,,,,,,,,,,,,,,
FB-508,,13.0,15.0,,SC,,2.0,3.0,3.0,4.0,,,33.8,,,,,,,,,,,,,,,,
FB-508,,18.0,20.0,,SW-SM,,5.0,6.0,6.0,7.0,,,11.4,,0.0,0.0,0.0,8.9,,,,,,,,,,,
FB-508,,23.0,25.0,,SM,,1.0,2.0,2.0,3.0,,,38.6,,,,,,,,,,,,,,,,
FB-508,,28.0,30.0,,SM,,1.0,2.0,2.0,3.0,,,36.0,,,,,,,,,,,,,,,,
FB-506,,0.0,2.0,,CL,,0.0,1.0,1.0,2.0,,,20.0,,,,,,,,,,,,,,,,
FB-506,,2.0,4.0,,CL,,3.0,4.0,4.0,5.0,,,27.6,,,,,,,,,,,,,,,,
FB-506,,4.0,6.0,,SC,,1.0,2.0,2.0,3.0,,,18.4,,,,,,,,,,,,,,,,
FB-506,,6.0,8.0,,CL,,0.0,1.0,1.0,2.0,,,59.5,,21.0,31.0,10.0,90.2,,,,,,,,,,,
FB-506,,8.0,10.0,,CH,,0.0,1.0,1.0,2.0,,,34.6,,,,,,,,,,,,,,,,
FB-506,,10.0,12.0,,SM,,3.0,4.0,4.0,5.0,,,37.1,,,,,,,,,,,,,,,,
FB-506,,13.0,15.0,,SM,,0.0,1.0,1.0,2.0,,,47.6,,,,,,,,,,,,,,,,
FB-506,,18.0,20.0,,SP-SM,,2.0,3.0,3.0,4.0,,,19.1,,,,,,,,,,,,,,,,
FB-506,,23.0,25.0,,SM,,2.0,3.0,3.0,4.0,,,43.2,,,,,,,,,,,,,,,,
FB-506,,28.0,30.0,,SM,,2.0,3.0,3.0,4.0,,,37.2,,,,,,,,,,,,,,,,
FB-505,,0.0,2.0,,SC,,2.0,3.0,3.0,4.0,,,17.2,,,,,,,,,,,,,,,,
FB-505,,2.0,4.0,,SM,,5.0,6.0,6.0,7.0,,,5.8,,,,,,,,,,,,,,,,
FB-505,,4.0,6.0,,SM,,4.0,5.0,5.0,6.0,,,12.6,,,,,,,,,,,,,,,,
FB-505,,6.0,8.0,,SM,,8.0,9.0,9.0,10.0,,,15.8,,,,,,,,,,,,,,,,
FB-505,,8.0,10.0,,CH,,0.0,1.0,1.0,2.0,,,62.0,,,,,,,,,,,,,,,,
FB-505,,10.0,12.0,,CH,,-1.0,0.0,0.0,1.0,,,62.6,,,,,,,,,,,,,,,,
FB-505,,13.0,15.0,,SM,,1.0,2.0,2.0,3.0,,,33.2,,,,,,,,,,,,,,,,
FB-505,,18.0,20.0,,CL,,0.0,1.0,1.0,2.0,,,39.9,,17.0,26.0,9.0,77.5,,,,,,,,,,,
FB-505,,23.0,25.0,,SM,,0.0,1.0,1.0,2.0,,,50.6,,,,,,,,,,,,,,,,
FB-505,,28.0,30.0,,SM,,1.0,2.0,2.0,3.0,,,49.5,,,,,,,,,,,,,,,,
EGC-402,,0.0,2.0,,SC,,11.0,12.0,12.0,13.0,,,10.1,,,,,,,,,,,,,,,,
EGC-402,,2.0,4.0,,SC,,6.0,7.0,7.0,8.0,,,18.5,,,,,,,,,,,,,,,,
EGC-402,,4.0,6.0,,SC,,5.0,6.0,6.0,7.0,,,23.2,,,,,,,,,,,,,,,,
EGC-402,,6.0,8.0,,CL,,1.0,2.0,2.0,3.0,,,31.6,,17.0,35.0,18.0,64.3,,,,,,,,,,,
EGC-402,,8.0,10.0,,CH,,-1.0,0.0,0.0,1.0,,,34.2,,,,,,,,,,,,,,,,
EGC-402,,10.0,12.0,,CL,,-1.0,0.0,0.0,1.0,,,44.7,,16.0,25.0,9.0,78.5,,,,,,,,,,,
EGC-402,,13.0,15.0,,CH,,-1.0,0.0,0.0,1.0,,,48.8,,,,,,,,,,,,,,,,
EGC-402,,18.0,20.0,,CH,,1.0,2.0,2.0,3.0,,,29.3,,,,,,,,,,,,,,,,
EGC-402,,23.0,25.0,,SM,,2.0,3.0,3.0,4.0,,,26.9,,0.0,0.0,0.0,13.4,,,,,,,,,,,
EGC-402,,28.0,30.0,,SC,,2.0,3.0,3.0,4.0,,,24.9,,,,,,,,,,,,,,,,
EGC-402,,33.0,35.0,,CH,,0.0,1.0,1.0,2.0,,,34.3,,,,,,,,,,,,,,,,
EGC-402,,38.0,40.0,,CH,,0.0,1.0,1.0,2.0,,,32.0,,,,,,,,,,,,,,,,
EGC-402,,43.0,45.0,,CL,,0.0,1.0,1.0,2.0,,,30.8,,,,,,,,,,,,,,,,
EGC-402,,48.0,50.0,,CL,,0.0,1.0,1.0,2.0,,,35.9,,,,,,,,,,,,,,,,
EGC-402,,53.0,55.0,,CL,,0.0,1.0,1.0,2.0,,,32.0,,,,,,,,,,,,,,,,
EGC-402,,58.0,60.0,,CL,,0.0,1.0,1.0,2.0,,,42.8,,,,,,,,,,,,,,,,
EGC-402,,63.0,65.0,,CL,,0.0,1.0,1.0,2.0,,,30.9,,,,,,,,,,,,,,,,
EGC-402,,68.0,70.0,,CL,,0.0,1.0,1.0,2.0,,,,,,,,,,,,,,,,,,,
EGC-402,,73.0,75.0,,SC,,1.0,2.0,2.0,3.0,,,28.4,,,,,,,,,,,,,,,,
EGC-402,,78.0,80.0,,CH,,0.0,1.0,1.0,2.0,,,,,,,,,,,,,,,,,,,
EGC-402,,83.0,85.0,,CH,,-1.0,0.0,0.0,1.0,,,42.8,,,,,,,,,,,,,,,,
EGC-402,,88.0,90.0,,CH,,-1.0,0.0,0.0,1.0,,,50.8,,,,,,,,,,,,,,,,
EGC-402,,93.0,95.0,,CH,,1.0,2.0,2.0,3.0,,,43.0,,25.0,46.0,21.0,85.2,,,,,,,,,,,
EGC-402,,98.0,100.0,,CH,,4.0,5.0,5.0,6.0,,,52.9,,,,,,,,,,,,,,,,
EGC-402,,103.0,105.0,,CL,,0.0,1.0,1.0,2.0,,,55.5,,,,,,,,,,,,,,,,
EGC-402,,108.0,110.0,,SC,,5.0,6.0,6.0,7.0,,,33.2,,,,,,,,,,,,,,,,
EGC-402,,113.0,115.0,,SC,,4.0,5.0,5.0,6.0,,,27.9,,,,,,,,,,,,,,,,
EGC-402,,118.0,120.0,,SC,,7.0,8.0,8.0,9.0,,,31.6,,,,,,,,,,,,,,,,
EGC-402,,123.0,125.0,,SM,,21.0,22.0,22.0,23.0,,,10.3,,19.0,37.0,18.0,31.6,,,,,,,,,,,
RW-408,,0.0,2.0,,SM,,2.0,3.0,3.0,4.0,,,,,,,,,,,,,,,,,,,
RW-408,,2.0,4.0,,SC,,2.0,3.0,3.0,4.0,,,,,,,,,,,,,,,,,,,
RW-408,,4.0,6.0,,SC,,8.0,9.0,9.0,10.0,,,,,,,,,,,,,,,,,,,
RW-408,,6.0,8.0,,SP-SM,,1.0,2.0,2.0,3.0,,,,,,,,,,,,,,,,,,,
RW-408,,8.0,10.0,,CH,,0.0,1.0,1.0,2.0,,,,,,,,,,,,,,,,,,,
RW-408,,10.0,12.0,,SC,,0.0,1.0,1.0,2.0,,,,,,,,,,,,,,,,,,,
RW-408,,13.0,15.0,,CH,,0.0,1.0,1.0,2.0,,,,,,,,,,,,,,,,,,,
RW-408,,18.0,20.0,,SM,,1.0,2.0,2.0,3.0,,,,,,,,,,,,,,,,,,,
RW-408,,23.0,25.0,,SP-SM,,6.0,7.0,7.0,8.0,,,,,,,,,,,,,,,,,,,
RW-408,,28.0,30.0,,SM,,1.0,2.0,2.0,3.0,,,,,,,,,,,,,,,,,,,
RW-408,,33.0,35.0,,SC,,1.0,2.0,2.0,3.0,,,,,,,,,,,,,,,,,,,
RW-408,,38.0,40.0,,SC,,0.0,1.0,1.0,2.0,,,,,,,,,,,,,,,,,,,
RW-408,,43.0,45.0,,SC,,0.0,1.0,1.0,2.0,,,,,,,,,,,,,,,,,,,
RW-408,,48.0,50.0,,SC,,0.0,1.0,1.0,2.0,,,,,,,,,,,,,,,,,,,
RW-408,,53.0,55.0,,CH,,0.0,1.0,1.0,2.0,,,,,,,,,,,,,,,,,,,
RW-408,,58.0,60.0,,CH,,0.0,1.0,1.0,2.0,,,,,,,,,,,,,,,,,,,
RW-408,,63.0,65.0,,CH,,-1.0,0.0,0.0,1.0,,,,,,,,,,,,,,,,,,,
RW-408,,68.0,70.0,,CH,,0.0,1.0,1.0,2.0,,,,,,,,,,,,,,,,,,,
RW-408,,73.0,75.0,,CH,,0.0,1.0,1.0,2.0,,,,,,,,,,,,,,,,,,,
RW-408,,78.0,80.0,,CH,,-1.0,0.0,0.0,1.0,,,,,,,,,,,,,,,,,,,
RW-408,,83.0,85.0,,CH,,0.0,1.0,1.0,2.0,,,,,,,,,,,,,,,,,,,
RW-408,,88.0,90.0,,SM,,1.0,2.0,2.0,3.0,,,,,,,,,,,,,,,,,,,
RW-408,,93.0,95.0,,SC,,2.0,3.0,3.0,4.0,,,,,,,,,,,,,,,,,,,
RW-408,,98.0,100.0,,SC,,2.0,3.0,3.0,4.0,,,,,,,,,,,,,,,,,,,
RW-408,,103.0,105.0,,SP-SM,,6.0,7.0,7.0,8.0,,,,,,,,,,,,,,,,,,,
RW-408,,108.0,110.0,,SC,,5.0,6.0,6.0,7.0,,,,,,,,,,,,,,,,,,,
CKW-102,,0.0,2.0,,CL,,5.0,6.0,6.0,7.0,,,,,,,,,,,,,,,,,,,
CKW-102,,2.0,4.0,,SM,,5.0,6.0,6.0,7.0,,,,,,,,,,,,,,,,,,,
CKW-102,,4.0,6.0,,SC,,4.0,5.0,5.0,6.0,,,,,,,,,,,,,,,,,,,
CKW-102,,6.0,8.0,,SC,,4.0,5.0,5.0,6.0,,,,,,,,,,,,,,,,,,,
CKW-102,,8.0,10.0,,CH,,3.0,4.0,4.0,5.0,,,,,,,,,,,,,,,,,,,
CKW-102,,10.0,12.0,,SC,,0.0,1.0,1.0,2.0,,,,,,,,,,,,,,,,,,,
CKW-102,,13.0,15.0,,SP,,8.0,9.0,9.0,10.0,,,,,,,,,,,,,,,,,,,
CKW-102,,18.0,20.0,,SM,,2.0,3.0,3.0,4.0,,,,,,,,,,,,,,,,,,,
CKW-102,,23.0,25.0,,SP-SM,,1.0,2.0,2.0,3.0,,,,,,,,,,,,,,,,,,,
CKW-102,,28.0,30.0,,SP-SM,,1.0,2.0,2.0,3.0,,,,,,,,,,,,,,,,,,,
CKW-102,,33.0,35.0,,SP-SM,,1.0,2.0,2.0,3.0,,,,,,,,,,,,,,,,,,,
CKW-102,,38.0,40.0,,SP-SM,,0.0,1.0,1.0,2.0,,,,,,,,,,,,,,,,,,,
CKW-102,,43.0,45.0,,CL,,-1.0,0.0,0.0,1.0,,,,,,,,,,,,,,,,,,,
CKW-102,,48.0,50.0,,SC,,-1.0,0.0,0.0,1.0,,,,,,,,,,,,,,,,,,,
P-103,,0.0,2.0,,GM,,5.0,6.0,6.0,7.0,,,,,,,,,,,,,,,,,,,
P-103,,2.0,4.0,,SC,,7.0,8.0,8.0,9.0,,,,,,,,,,,,,,,,,,,
P-103,,4.0,6.0,,SC,,5.0,6.0,6.0,7.0,,,,,,,,,,,,,,,,,,,
P-102,,0.0,2.0,,SC,,6.0,7.0,7.0,8.0,,,,,,,,,,,,,,,,,,,
P-102,,2.0,4.0,,CL,,3.0,4.0,4.0,5.0,,,,,,,,,,,,,,,,,,,
P-102,,4.0,6.0,,SM,,5.0,6.0,6.0,7.0,,,,,,,,,,,,,,,,,,,
LF-303,,0.0,2.0,,CL,,3.0,4.0,4.0,5.0,,,,,,,,,,,,,,,,,,,
LF-303,,2.0,4.0,,CL,,3.0,4.0,4.0,5.0,,,,,,,,,,,,,,,,,,,
LF-303,,4.0,6.0,,SP-SM,,4.0,5.0,5.0,6.0,,,,,,,,,,,,,,,,,,,
LF-303,,6.0,8.0,,SC,,9.0,10.0,10.0,11.0,,,,,,,,,,,,,,,,,,,
LF-303,,8.0,10.0,,SC,,11.0,12.0,12.0,13.0,,,,,,,,,,,,,,,,,,,
LF-303,,10.0,12.0,,SC,,9.0,10.0,10.0,11.0,,,,,,,,,,,,,,,,,,,
LF-303,,13.0,15.0,,SM,,9.0,10.0,10.0,11.0,,,,,,,,,,,,,,,,,,,
LF-303,,18.0,20.0,,SP-SM,,24.0,25.0,25.0,26.0,,,,,,,,,,,,,,,,,,,
LF-303,,23.0,25.0,,SP,,5.0,6.0,6.0,7.0,,,,,,,,,,,,,,,,,,,
LF-303,,28.0,30.0,,SP,,3.0,4.0,4.0,5.0,,,,,,,,,,,,,,,,,,,
LF-303,,33.0,35.0,,SP,,0.0,1.0,1.0,2.0,,,,,,,,,,,,,,,,,,,
LF-303,,38.0,40.0,,SM,,1.0,2.0,2.0,3.0,,,,,,,,,,,,,,,,,,,
LF-303,,43.0,45.0,,SC,,0.0,1.0,1.0,2.0,,,,,,,,,,,,,,,,,,,
LF-303,,48.0,50.0,,SC,,0.0,1.0,1.0,2.0,,,,,,,,,,,,,,,,,,,
LF-301,,0.0,2.0,,SC,,7.0,8.0,8.0,9.0,,,10.5,,,,,,,,,,,,,,,,
LF-301,,2.0,4.0,,SC,,14.0,15.0,15.0,16.0,,,5.0,,,,,,,,,,,,,,,,
LF-301,,4.0,6.0,,SM,,5.0,6.0,6.0,7.0,,,15.5,,,,,,,,,,,,,,,,
LF-301,,6.0,8.0,,SM,,2.0,3.0,3.0,4.0,,,12.0,,,,,,,,,,,,,,,,
LF-301,,8.0,10.0,,SM,,9.0,10.0,10.0,11.0,,,18.2,,,,,,,,,,,,,,,,
LF-301,,10.0,12.0,,CL,,6.0,7.0,7.0,8.0,,,13.3,,,,,,,,,,,,,,,,
LF-301,,13.0,15.0,,SP-SM,,4.0,5.0,5.0,6.0,,,21.0,,0.0,0.0,,7.2,,,,,,,,,,,
LF-301,,18.0,20.0,,SP-SM,,6.0,7.0,7.0,8.0,,,21.5,,,,,,,,,,,,,,,,
LF-301,,23.0,25.0,,CL,,7.0,8.0,8.0,9.0,,,22.3,,,,,,,,,,,,,,,,
LF-301,,28.0,30.0,,SP-SM,,14.0,15.0,15.0,16.0,,,20.6,,,,,,,,,,,,,,,,
LF-301,,33.0,35.0,,SP-SM,,0.0,1.0,1.0,2.0,,,30.9,,,,,,,,,,,,,,,,
LF-301,,38.0,40.0,,SM,,1.0,2.0,2.0,3.0,,,43.0,,,,,,,,,,,,,,,,
LF-301,,43.0,45.0,,SP-SM,,0.0,1.0,1.0,2.0,,,26.4,,,,,,,,,,,,,,,,
LF-301,,48.0,50.0,,SM,,0.0,1.0,1.0,2.0,,,34.5,,,,,,,,,,,,,,,,
LF-301,,50.0,52.0,,SC,,-1.0,0.0,0.0,1.0,,,,,,,,,,,,,,,,,,,
LF-302,,0.0,2.0,,SM,,7.0,8.0,8.0,9.0,,,9.8,,,,,,,,,,,,,,,,
LF-302,,2.0,4.0,,SM,,4.0,5.0,5.0,6.0,,,12.4,,,,,,,,,,,,,,,,
LF-302,,4.0,6.0,,SC,,7.0,8.0,8.0,9.0,,,11.2,,,,,,,,,,,,,,,,
LF-302,,6.0,8.0,,CL,,5.0,6.0,6.0,7.0,,,14.7,,18.0,39.0,21.0,54.0,,,,,,,,,,,
LF-302,,8.0,10.0,,SP-SM,,13.0,14.0,14.0,15.0,,,7.7,,,,,,,,,,,,,,,,
LF-302,,10.0,12.0,,SP-SM,,9.0,10.0,10.0,11.0,,,18.5,,,,,,,,,,,,,,,,
LF-302,,13.0,15.0,,SC,,-1.0,0.0,0.0,1.0,,,26.1,,10.0,17.0,7.0,26.1,,,,,,,,,,,
LF-302,,18.0,20.0,,SP-SM,,11.0,12.0,12.0,13.0,,,23.1,,,,,,,,,,,,,,,,
LF-302,,23.0,25.0,,SM,,5.0,6.0,6.0,7.0,,,21.5,,,,,,,,,,,,,,,,
LF-302,,28.0,30.0,,SM,,2.0,3.0,3.0,4.0,,,28.9,,,,,,,,,,,,,,,,
LF-302,,33.0,35.0,,SC,,1.0,2.0,2.0,3.0,,,32.7,,,,,,,,,,,,,,,,
LF-302,,38.0,40.0,,SM,,0.0,1.0,1.0,2.0,,,34.7,,,,,,,,,,,,,,,,
LF-302,,43.0,45.0,,SC,,0.0,1.0,1.0,2.0,,,34.6,,,,,,,,,,,,,,,,
LF-302,,48.0,50.0,,CL,,0.0,1.0,1.0,2.0,,,64.6,,,,,,,,,,,,,,,,
P-101,,0.0,2.0,,CL,,2.0,3.0,3.0,4.0,,,,,,,,,,,,,,,,,,,
P-101,,2.0,4.0,,CL,,4.0,5.0,5.0,6.0,,,,,,,,,,,,,,,,,,,
P-101,,4.0,6.0,,CL,,4.0,5.0,5.0,6.0,,,,,,,,,,,,,,,,,,,
CKW-101,,0.0,2.0,,CL,,4.0,5.0,5.0,6.0,,,,,,,,,,,,,,,,,,,
CKW-101,,2.0,4.0,,SC,,6.0,7.0,7.0,8.0,,,,,,,,,,,,,,,,,,,
CKW-101,,4.0,6.0,,SP,,7.0,8.0,8.0,9.0,,,,,,,,,,,,,,,,,,,
CKW-101,,6.0,8.0,,SP,,9.0,10.0,10.0,11.0,,,,,,,,,,,,,,,,,,,
CKW-101,,8.0,10.0,,SC,,4.0,5.0,5.0,6.0,,,,,,,,,,,,,,,,,,,
CKW-101,,10.0,12.0,,SC,,3.0,4.0,4.0,5.0,,,,,,,,,,,,,,,,,,,
CKW-101,,13.0,15.0,,SP,,11.0,12.0,12.0,13.0,,,,,,,,,,,,,,,,,,,
CKW-101,,18.0,20.0,,SM,,2.0,3.0,3.0,4.0,,,,,,,,,,,,,,,,,,,
CKW-101,,23.0,25.0,,SP-SM,,1.0,2.0,2.0,3.0,,,,,,,,,,,,,,,,,,,
CKW-101,,28.0,30.0,,SP-SM,,3.0,4.0,4.0,5.0,,,,,,,,,,,,,,,,,,,
CKW-101,,33.0,35.0,,SP-SM,,1.0,2.0,2.0,3.0,,,,,,,,,,,,,,,,,,,
CKW-101,,38.0,40.0,,SP-SM,,0.0,1.0,1.0,2.0,,,,,,,,,,,,,,,,,,,
CKW-101,,43.0,45.0,,SC,,0.0,1.0,1.0,2.0,,,,,,,,,,,,,,,,,,,
CKW-101,,48.0,50.0,,SC,,0.0,1.0,1.0,2.0,,,,,,,,,,,,,,,,,,,
CKW-101,,53.0,55.0,,SC,,-1.0,0.0,0.0,1.0,,,,,,,,,,,,,,,,,,,
CKW-101,,56.0,58.0,,SC,,-1.0,0.0,0.0,1.0,,,,,,,,,,,,,,,,,,,
CKW-101,,58.0,60.0,,SC,,1.0,2.0,2.0,3.0,,,,,,,,,,,,,,,,,,,
CKW-101,,63.0,65.0,,SC,,2.0,3.0,3.0,4.0,,,,,,,,,,,,,,,,,,,
CKW-101,,68.0,70.0,,SP-SM,,5.0,6.0,6.0,7.0,,,,,,,,,,,,,,,,,,,
CKW-101,,73.0,75.0,,SC,,5.0,6.0,6.0,7.0,,,,,,,,,,,,,,,,,,,
EGC-103,,0.0,2.0,,CL,,3.0,4.0,4.0,5.0,,,,,,,,,,,,,,,,,,,
EGC-103,,2.0,4.0,,CL,,6.0,7.0,7.0,8.0,,,,,,,,,,,,,,,,,,,
EGC-103,,4.0,6.0,,SM,,6.0,7.0,7.0,8.0,,,,,,,,,,,,,,,,,,,
EGC-103,,6.0,8.0,,SM,,5.0,6.0,6.0,7.0,,,,,,,,,,,,,,,,,,,
EGC-103,,8.0,10.0,,SP-SM,,6.0,7.0,7.0,8.0,,,,,,,,,,,,,,,,,,,
EGC-103,,10.0,12.0,,SP,,2.0,3.0,3.0,4.0,,,,,,,,,,,,,,,,,,,
EGC-103,,13.0,15.0,,SP-SM,,9.0,10.0,10.0,11.0,,,,,,,,,,,,,,,,,,,
EGC-103,,18.0,20.0,,SC,,1.0,2.0,2.0,3.0,,,,,,,,,,,,,,,,,,,
EGC-103,,23.0,25.0,,SC,,2.0,3.0,3.0,4.0,,,,,,,,,,,,,,,,,,,
EGC-103,,28.0,30.0,,SC,,2.0,3.0,3.0,4.0,,,,,,,,,,,,,,,,,,,
EGC-103,,33.0,35.0,,SC,,0.0,1.0,1.0,2.0,,,,,,,,,,,,,,,,,,,
EGC-103,,38.0,40.0,,SC,,0.0,1.0,1.0,2.0,,,,,,,,,,,,,,,,,,,
EGC-103,,43.0,45.0,,CL,,-1.0,0.0,0.0,1.0,,,,,,,,,,,,,,,,,,,
EGC-103,,48.0,50.0,,CL,,-1.0,0.0,0.0,1.0,,,,,,,,,,,,,,,,,,,
EGC-103,,53.0,55.0,,SC,,0.0,1.0,1.0,2.0,,,,,,,,,,,,,,,,,,,
EGC-103,,56.0,58.0,,SM,,1.0,2.0,2.0,3.0,,,,,,,,,,,,,,,,,,,
EGC-103,,58.0,60.0,,SM,,10.0,11.0,11.0,12.0,,,,,,,,,,,,,,,,,,,
EGC-103,,63.0,65.0,,SP-SM,,49.0,50.0,50.0,51.0,,,,,,,,,,,,,,,,,,,
PS-102,,0.0,2.0,,GM,,23.0,24.0,24.0,25.0,,,,,,,,,,,,,,,,,,,
PS-102,,2.0,4.0,,GM,,19.0,20.0,20.0,21.0,,,,,,,,,,,,,,,,,,,
PS-102,,4.0,6.0,,CL,,6.0,7.0,7.0,8.0,,,,,,,,,,,,,,,,,,,
PS-102,,6.0,8.0,,SC,,6.0,7.0,7.0,8.0,,,,,,,,,,,,,,,,,,,
PS-102,,8.0,10.0,,CL,,7.0,8.0,8.0,9.0,,,,,,,,,,,,,,,,,,,
PS-102,,10.0,12.0,,SP-SM,,0.0,1.0,1.0,2.0,,,,,,,,,,,,,,,,,,,
PS-102,,13.0,15.0,,SP-SM,,4.0,5.0,5.0,6.0,,,,,,,,,,,,,,,,,,,
PS-102,,18.0,20.0,,SC,,1.0,2.0,2.0,3.0,,,,,,,,,,,,,,,,,,,
PS-102,,23.0,25.0,,SC,,1.0,2.0,2.0,3.0,,,,,,,,,,,,,,,,,,,
PS-102,,28.0,30.0,,SM,,0.0,1.0,1.0,2.0,,,,,,,,,,,,,,,,,,,
PS-102,,33.0,35.0,,SM,,0.0,1.0,1.0,2.0,,,,,,,,,,,,,,,,,,,
PS-102,,38.0,40.0,,SM,,0.0,1.0,1.0,2.0,,,,,,,,,,,,,,,,,,,
PS-102,,43.0,45.0,,CH,,-1.0,0.0,0.0,1.0,,,,,,,,,,,,,,,,,,,
PS-102,,48.0,50.0,,SC,,0.0,1.0,1.0,2.0,,,,,,,,,,,,,,,,,,,
PS-102,,53.0,55.0,,SC,,0.0,1.0,1.0,2.0,,,,,,,,,,,,,,,,,,,
PS-102,,58.0,60.0,,SC,,0.0,1.0,1.0,2.0,,,,,,,,,,,,,,,,,,,
PS-102,,63.0,65.0,,SC,,6.0,7.0,7.0,8.0,,,,,,,,,,,,,,,,,,,
PS-102,,68.0,70.0,,SP,,13.0,14.0,14.0,15.0,,,,,,,,,,,,,,,,,,,
PS-102,,73.0,75.0,,SM,,10.0,11.0,11.0,12.0,,,,,,,,,,,,,,,,,,,
PS-102,,78.0,80.0,,SC,,3.0,4.0,4.0,5.0,,,,,,,,,,,,,,,,,,,
PS-102,,83.0,85.0,,SC,,5.0,6.0,6.0,7.0,,,,,,,,,,,,,,,,,,,
PS-102,,88.0,90.0,,SC,,5.0,6.0,6.0,7.0,,,,,,,,,,,,,,,,,,,
PS-102,,93.0,95.0,,SC,,3.0,4.0,4.0,5.0,,,,,,,,,,,,,,,,,,,
PS-102,,98.0,100.0,,SC,,7.0,8.0,8.0,9.0,,,,,,,,,,,,,,,,,,,
PS-102,,103.0,105.0,,SM,,7.0,8.0,8.0,9.0,,,,,,,,,,,,,,,,,,,
PS-102,,108.0,110.0,,SM,,12.0,13.0,13.0,14.0,,,,,,,,,,,,,,,,,,,
PS-102,,113.0,115.0,,SC,,7.0,8.0,8.0,9.0,,,,,,,,,,,,,,,,,,,
PS-102,,118.0,120.0,,SC,,16.0,17.0,17.0,18.0,,,,,,,,,,,,,,,,,,,
PS-102,,123.0,125.0,,SC,,20.0,21.0,21.0,22.0,,,,,,,,,,,,,,,,,,,
PS-101,,0.0,2.0,,GM,,17.0,18.0,18.0,19.0,,,,,,,,,,,,,,,,,,,
PS-101,,2.0,4.0,,SC,,7.0,8.0,8.0,9.0,,,,,,,,,,,,,,,,,,,
PS-101,,4.0,6.0,,CL,,5.0,6.0,6.0,7.0,,,,,,,,,,,,,,,,,,,
PS-101,,6.0,8.0,,SP-SM,,11.0,12.0,12.0,13.0,,,,,,,,,,,,,,,,,,,
PS-101,,8.0,10.0,,SP-SM,,7.0,8.0,8.0,9.0,,,,,,,,,,,,,,,,,,,
PS-101,,10.0,12.0,,SP-SM,,0.0,1.0,1.0,2.0,,,,,,,,,,,,,,,,,,,
PS-101,,13.0,15.0,,SC,,4.0,5.0,5.0,6.0,,,,,,,,,,,,,,,,,,,
PS-101,,18.0,20.0,,SP-SM,,1.0,2.0,2.0,3.0,,,,,,,,,,,,,,,,,,,
PS-101,,23.0,25.0,,SP-SM,,0.0,1.0,1.0,2.0,,,,,,,,,,,,,,,,,,,
PS-101,,28.0,30.0,,SC,,1.0,2.0,2.0,3.0,,,,,,,,,,,,,,,,,,,
PS-101,,33.0,35.0,,SP-SM,,1.0,2.0,2.0,3.0,,,,,,,,,,,,,,,,,,,
PS-101,,38.0,40.0,,SC,,0.0,1.0,1.0,2.0,,,,,,,,,,,,,,,,,,,
PS-101,,43.0,45.0,,CH,,-1.0,0.0,0.0,1.0,,,,,,,,,,,,,,,,,,,
PS-101,,48.0,50.0,,CH,,0.0,1.0,1.0,2.0,,,,,,,,,,,,,,,,,,,
PS-101,,53.0,55.0,,CH,,-1.0,0.0,0.0,1.0,,,,,,,,,,,,,,,,,,,
PS-101,,58.0,60.0,,CH,,1.0,2.0,2.0,3.0,,,,,,,,,,,,,,,,,,,
PS-101,,63.0,65.0,,CH,,3.0,4.0,4.0,5.0,,,,,,,,,,,,,,,,,,,
PS-101,,68.0,70.0,,CH,,7.0,8.0,8.0,9.0,,,,,,,,,,,,,,,,,,,
PS-101,,73.0,75.0,,CH,,11.0,12.0,12.0,13.0,,,,,,,,,,,,,,,,,,,
PS-101,,78.0,80.0,,CH,,2.0,3.0,3.0,4.0,,,,,,,,,,,,,,,,,,,
PS-101,,83.0,85.0,,CH,,3.0,4.0,4.0,5.0,,,,,,,,,,,,,,,,,,,
PS-101,,88.0,90.0,,SC,,3.0,4.0,4.0,5.0,,,,,,,,,,,,,,,,,,,
PS-101,,93.0,95.0,,SC,,5.0,6.0,6.0,7.0,,,,,,,,,,,,,,,,,,,
PS-101,,98.0,100.0,,SP-SM,,6.0,7.0,7.0,8.0,,,,,,,,,,,,,,,,,,,
PS-101,,103.0,105.0,,SP-SM,,12.0,13.0,13.0,14.0,,,,,,,,,,,,,,,,,,,
PS-101,,108.0,110.0,,SP-SM,,11.0,12.0,12.0,13.0,,,,,,,,,,,,,,,,,,,
PS-101,,113.0,115.0,,SP-SM,,5.0,6.0,6.0,7.0,,,,,,,,,,,,,,,,,,,
PS-101,,118.0,120.0,,SP-SM,,13.0,14.0,14.0,15.0,,,,,,,,,,,,,,,,,,,
PS-101,,123.0,125.0,,SP-SM,,13.0,14.0,14.0,15.0,,,,,,,,,,,,,,,,,,,
PS-101,,128.0,130.0,,SP-SM,,20.0,21.0,21.0,22.0,,,,,,,,,,,,,,,,,,,
PS-101,,133.0,135.0,,SP-SM,,20.0,21.0,21.0,22.0,,,,,,,,,,,,,,,,,,,
PS-101,,138.0,140.0,,SP-SM,,23.0,24.0,24.0,25.0,,,,,,,,,,,,,,,,,,,
PS-101,,143.0,145.0,,SP-SM,,15.0,16.0,16.0,17.0,,,,,,,,,,,,,,,,,,,
PS-101,,148.0,150.0,,SP-SM,,16.0,17.0,17.0,18.0,,,,,,,,,,,,,,,,,,,
P-104,,0.0,2.0,,SM,,-1.0,0.0,0.0,1.0,,,,,,,,,,,,,,,,,,,
P-104,,2.0,4.0,,SM,,-1.0,0.0,0.0,1.0,,,,,,,,,,,,,,,,,,,
P-104,,4.0,6.0,,SC,,-1.0,0.0,0.0,1.0,,,,,,,,,,,,,,,,,,,
P-104,,6.0,8.0,,SC,,-1.0,0.0,0.0,1.0,,,,,,,,,,,,,,,,,,,
EGC-102,,0.0,2.0,,SC,,4.0,5.0,5.0,6.0,,,16.3,,,,,,,,,,,,,,,,
EGC-102,,2.0,4.0,,SC,,7.0,8.0,8.0,9.0,,,16.9,,,,,,,,,,,,,,,,
EGC-102,,4.0,6.0,,CL,,6.0,7.0,7.0,8.0,,,17.4,,11.0,19.0,8.0,61.9,,,,,,,,,,,
EGC-102,,6.0,8.0,,SM,,6.0,7.0,7.0,8.0,,,21.0,,,,,,,,,,,,,,,,
EGC-102,,8.0,10.0,,SM,,3.0,4.0,4.0,5.0,,,22.9,,,,,,,,,,,,,,,,
EGC-102,,10.0,12.0,,SM,,3.0,4.0,4.0,5.0,,,19.4,,0.0,0.0,17.3,,,,,,,,,,,,
EGC-102,,13.0,15.0,,SP,,5.0,6.0,6.0,7.0,,,21.9,,,,,,,,,,,,,,,,
EGC-102,,18.0,20.0,,SM,,0.0,1.0,1.0,2.0,,,26.4,,,,,,,,,,,,,,,,
EGC-102,,23.0,25.0,,SC,,0.0,1.0,1.0,2.0,,,28.8,,13.0,23.0,10.0,27.0,,,,,,,,,,,
EGC-102,,28.0,30.0,,SC,,3.0,4.0,4.0,5.0,,,34.2,,,,,,,,,,,,,,,,
EGC-102,,33.0,35.0,,SC,,1.0,2.0,2.0,3.0,,,33.8,,,,,,,,,,,,,,,,
EGC-102,,38.0,40.0,,SC,,0.0,1.0,1.0,2.0,,,29.9,,,,,,,,,,,,,,,,
EGC-102,,43.0,45.0,,CH,,-1.0,0.0,0.0,1.0,,,35.6,,,,,,,,,,,,,,,,
EGC-102,,48.0,50.0,,CH,,-1.0,0.0,0.0,1.0,,,29.1,,,,,,,,,,,,,,,,
EGC-102,,53.0,55.0,,CH,,-1.0,0.0,0.0,1.0,,,28.0,,,,,,,,,,,,,,,,
EGC-102,,58.0,60.0,,SC,,1.0,2.0,2.0,3.0,,,22.3,,,,,,,,,,,,,,,,
EGC-102,,63.0,65.0,,SC,,3.0,4.0,4.0,5.0,,,26.2,,,,,,,,,,,,,,,,
EGC-102,,68.0,70.0,,SC,,4.0,5.0,5.0,6.0,,,20.0,,,,,,,,,,,,,,,,
EGC-102,,73.0,75.0,,SC,,8.0,9.0,9.0,10.0,,,29.3,,,,,,,,,,,,,,,,
